ISO,country,accessinfo,yearofadoption,incgrp,wb_region,disp_area,UN_status_detail,UNmemberstate,UN_status,territoryof,ISO_governing,UN_contregion_code,UN_continental_region,UN_subregion_code,UN_subregion,UN_intermedregion_code,UN_intermediary_region,m49_code,fsci_regions,year
AFG,Afghanistan,1,2014,Low income,South Asia,NO,Member State,1,"Territory, region, or administrated by a state",Member State,,142,Asia,034,Southern Asia,,,004,Southern Asia,2021
ALB,Albania,1,1999,Upper middle income,Europe & Central Asia,NO,Member State,1,"Territory, region, or administrated by a state",Member State,,150,Europe,039,Southern Europe,,,008,Northern America and Europe,2021
AND,Andorra,1,2021,High income,Europe & Central Asia,NO,Member State,1,"Territory, region, or administrated by a state",Member State,,150,Europe,039,Southern Europe,,,020,Northern America and Europe,2021
AGO,Angola,1,2002,Lower middle income,Sub-Saharan Africa,NO,Member State,1,"Territory, region, or administrated by a state",Member State,,002,Africa,202,Sub-Saharan Africa,017,Middle Africa,024,Sub-Saharan Africa,2021
ATG,Antigua and Barbuda,1,2004,High income,Latin America & Caribbean,NO,Member State,1,"Territory, region, or administrated by a state",Member State,,019,Americas,419,Latin America and the Caribbean,029,Caribbean,028,Latin America & Caribbean,2021
ARG,Argentina,1,2016,Upper middle income,Latin America & Caribbean,NO,Member State,1,"Territory, region, or administrated by a state",Member State,,019,Americas,419,Latin America and the Caribbean,005,South America,032,Latin America & Caribbean,2021
ARM,Armenia,1,2003,Upper middle income,Europe & Central Asia,NO,Member State,1,"Territory, region, or administrated by a state",Member State,,142,Asia,145,Western Asia,,,051,Northern Africa & Western Asia,2021
AUS,Australia,1,1982,High income,East Asia & Pacific,NO,Member State,1,"Territory, region, or administrated by a state",Member State,,009,Oceania,053,Australia and New Zealand,,,036,Oceania,2021
AUT,Austria,1,1987,High income,Europe & Central Asia,NO,Member State,1,"Territory, region, or administrated by a state",Member State,,150,Europe,155,Western Europe,,,040,Northern America and Europe,2021
AZE,Azerbaijan,1,2005,Upper middle income,Europe & Central Asia,NO,Member State,1,"Territory, region, or administrated by a state",Member State,,142,Asia,145,Western Asia,,,031,Northern Africa & Western Asia,2021
BHS,Bahamas,1,2017,High income,Latin America & Caribbean,NO,Member State,1,"Territory, region, or administrated by a state",Member State,,019,Americas,419,Latin America and the Caribbean,029,Caribbean,044,Latin America & Caribbean,2021
BGD,Bangladesh,1,2008,Lower middle income,South Asia,NO,Member State,1,"Territory, region, or administrated by a state",Member State,,142,Asia,034,Southern Asia,,,050,Southern Asia,2021
BLR,Belarus,1,2008,Upper middle income,Europe & Central Asia,NO,Member State,1,"Territory, region, or administrated by a state",Member State,,150,Europe,151,Eastern Europe,,,112,Northern America and Europe,2021
BEL,Belgium,1,1994,High income,Europe & Central Asia,NO,Member State,1,"Territory, region, or administrated by a state",Member State,,150,Europe,155,Western Europe,,,056,Northern America and Europe,2021
BLZ,Belize,1,1994,Upper middle income,Latin America & Caribbean,NO,Member State,1,"Territory, region, or administrated by a state",Member State,,019,Americas,419,Latin America and the Caribbean,013,Central America,084,Latin America & Caribbean,2021
BEN,Benin,1,2015,Lower middle income,Sub-Saharan Africa,NO,Member State,1,"Territory, region, or administrated by a state",Member State,,002,Africa,202,Sub-Saharan Africa,011,Western Africa,204,Sub-Saharan Africa,2021
BOL,Bolivia (Plurinational State of),1,2005,Lower middle income,Latin America & Caribbean,NO,Member State,1,"Territory, region, or administrated by a state",Member State,,019,Americas,419,Latin America and the Caribbean,005,South America,068,Latin America & Caribbean,2021
BIH,Bosnia and Herzegovina,1,2000,Upper middle income,Europe & Central Asia,NO,Member State,1,"Territory, region, or administrated by a state",Member State,,150,Europe,039,Southern Europe,,,070,Northern America and Europe,2021
BRA,Brazil,1,2011,Upper middle income,Latin America & Caribbean,NO,Member State,1,"Territory, region, or administrated by a state",Member State,,019,Americas,419,Latin America and the Caribbean,005,South America,076,Latin America & Caribbean,2021
BGR,Bulgaria,1,2000,Upper middle income,Europe & Central Asia,NO,Member State,1,"Territory, region, or administrated by a state",Member State,,150,Europe,151,Eastern Europe,,,100,Northern America and Europe,2021
BFA,Burkina Faso,1,2015,Low income,Sub-Saharan Africa,NO,Member State,1,"Territory, region, or administrated by a state",Member State,,002,Africa,202,Sub-Saharan Africa,011,Western Africa,854,Sub-Saharan Africa,2021
CAN,Canada,1,1983,High income,North America,NO,Member State,1,"Territory, region, or administrated by a state",Member State,,019,Americas,021,Northern America,,,124,Northern America and Europe,2021
CHL,Chile,1,2008,High income,Latin America & Caribbean,NO,Member State,1,"Territory, region, or administrated by a state",Member State,,019,Americas,419,Latin America and the Caribbean,005,South America,152,Latin America & Caribbean,2021
CHN,China,1,2007,Upper middle income,East Asia & Pacific,NO,Member State,1,"Territory, region, or administrated by a state",Member State,,142,Asia,030,Eastern Asia,,,156,Eastern Asia,2021
COL,Colombia,1,1985,Upper middle income,Latin America & Caribbean,NO,Member State,1,"Territory, region, or administrated by a state",Member State,,019,Americas,419,Latin America and the Caribbean,005,South America,170,Latin America & Caribbean,2021
COK,Cook Islands,1,2009,,,NO,NZ Territory,0,"Territory, region, or administrated by a state",NZ Territory,NZL,009,Oceania,061,Polynesia,,,184,Oceania,2021
CRI,Costa Rica,1,2017,Upper middle income,Latin America & Caribbean,NO,Member State,1,"Territory, region, or administrated by a state",Member State,,019,Americas,419,Latin America and the Caribbean,013,Central America,188,Latin America & Caribbean,2021
HRV,Croatia,1,2003,High income,Europe & Central Asia,NO,Member State,1,"Territory, region, or administrated by a state",Member State,,150,Europe,039,Southern Europe,,,191,Northern America and Europe,2021
CYP,Cyprus,1,2017,High income,Europe & Central Asia,NO,Member State,1,"Territory, region, or administrated by a state",Member State,,142,Asia,145,Western Asia,,,196,Northern Africa & Western Asia,2021
CZE,Czechia,1,1999,High income,Europe & Central Asia,NO,Member State,1,"Territory, region, or administrated by a state",Member State,,150,Europe,151,Eastern Europe,,,203,Northern America and Europe,2021
CIV,Côte D'Ivoire,1,2013,Lower middle income,Sub-Saharan Africa,NO,Member State,1,"Territory, region, or administrated by a state",Member State,,002,Africa,202,Sub-Saharan Africa,011,Western Africa,384,Sub-Saharan Africa,2021
DNK,Denmark,1,1970,High income,Europe & Central Asia,NO,Member State,1,"Territory, region, or administrated by a state",Member State,,150,Europe,154,Northern Europe,,,208,Northern America and Europe,2021
DOM,Dominican Republic,1,2004,Upper middle income,Latin America & Caribbean,NO,Member State,1,"Territory, region, or administrated by a state",Member State,,019,Americas,419,Latin America and the Caribbean,029,Caribbean,214,Latin America & Caribbean,2021
ECU,Ecuador,1,2004,Upper middle income,Latin America & Caribbean,NO,Member State,1,"Territory, region, or administrated by a state",Member State,,019,Americas,419,Latin America and the Caribbean,005,South America,218,Latin America & Caribbean,2021
SLV,El Salvador,1,2011,Lower middle income,Latin America & Caribbean,NO,Member State,1,"Territory, region, or administrated by a state",Member State,,019,Americas,419,Latin America and the Caribbean,013,Central America,222,Latin America & Caribbean,2021
EST,Estonia,1,2000,High income,Europe & Central Asia,NO,Member State,1,"Territory, region, or administrated by a state",Member State,,150,Europe,154,Northern Europe,,,233,Northern America and Europe,2021
ETH,Ethiopia,1,2008,Low income,Sub-Saharan Africa,NO,Member State,1,"Territory, region, or administrated by a state",Member State,,002,Africa,202,Sub-Saharan Africa,014,Eastern Africa,231,Sub-Saharan Africa,2021
FJI,Fiji,1,2018,Upper middle income,East Asia & Pacific,NO,Member State,1,"Territory, region, or administrated by a state",Member State,,009,Oceania,054,Melanesia,,,242,Oceania,2021
FIN,Finland,1,1951,High income,Europe & Central Asia,NO,Member State,1,"Territory, region, or administrated by a state",Member State,,150,Europe,154,Northern Europe,,,246,Northern America and Europe,2021
FRA,France,1,1978,High income,Europe & Central Asia,NO,Member State,1,"Territory, region, or administrated by a state",Member State,,150,Europe,155,Western Europe,,,250,Northern America and Europe,2021
GMB,Gambia (Republic of The),1,2021,Low income,Sub-Saharan Africa,NO,Member State,1,"Territory, region, or administrated by a state",Member State,,002,Africa,202,Sub-Saharan Africa,011,Western Africa,270,Sub-Saharan Africa,2021
GEO,Georgia,1,1999,Upper middle income,Europe & Central Asia,NO,Member State,1,"Territory, region, or administrated by a state",Member State,,142,Asia,145,Western Asia,,,268,Northern Africa & Western Asia,2021
DEU,Germany,1,2005,High income,Europe & Central Asia,NO,Member State,1,"Territory, region, or administrated by a state",Member State,,150,Europe,155,Western Europe,,,276,Northern America and Europe,2021
GHA,Ghana,1,2019,Lower middle income,Sub-Saharan Africa,NO,Member State,1,"Territory, region, or administrated by a state",Member State,,002,Africa,202,Sub-Saharan Africa,011,Western Africa,288,Sub-Saharan Africa,2021
GRC,Greece,1,1986,High income,Europe & Central Asia,NO,Member State,1,"Territory, region, or administrated by a state",Member State,,150,Europe,039,Southern Europe,,,300,Northern America and Europe,2021
GTM,Guatemala,1,2008,Upper middle income,Latin America & Caribbean,NO,Member State,1,"Territory, region, or administrated by a state",Member State,,019,Americas,419,Latin America and the Caribbean,013,Central America,320,Latin America & Caribbean,2021
GIN,Guinea,1,2020,Low income,Sub-Saharan Africa,NO,Member State,1,"Territory, region, or administrated by a state",Member State,,002,Africa,202,Sub-Saharan Africa,011,Western Africa,324,Sub-Saharan Africa,2021
GUY,Guyana,1,2013,Upper middle income,Latin America & Caribbean,NO,Member State,1,"Territory, region, or administrated by a state",Member State,,019,Americas,419,Latin America and the Caribbean,005,South America,328,Latin America & Caribbean,2021
HND,Honduras,1,2006,Lower middle income,Latin America & Caribbean,NO,Member State,1,"Territory, region, or administrated by a state",Member State,,019,Americas,419,Latin America and the Caribbean,013,Central America,340,Latin America & Caribbean,2021
HUN,Hungary,1,1992,High income,Europe & Central Asia,NO,Member State,1,"Territory, region, or administrated by a state",Member State,,150,Europe,151,Eastern Europe,,,348,Northern America and Europe,2021
ISL,Iceland,1,1996,High income,Europe & Central Asia,NO,Member State,1,"Territory, region, or administrated by a state",Member State,,150,Europe,154,Northern Europe,,,352,Northern America and Europe,2021
IND,India,1,2005,Lower middle income,South Asia,NO,Member State,1,"Territory, region, or administrated by a state",Member State,,142,Asia,034,Southern Asia,,,356,Southern Asia,2021
IDN,Indonesia,1,2008,Lower middle income,East Asia & Pacific,NO,Member State,1,"Territory, region, or administrated by a state",Member State,,142,Asia,035,South-eastern Asia,,,360,South-eastern Asia,2021
IRN,Iran (Islamic Republic of),1,2009,Lower middle income,Middle East & North Africa,NO,Member State,1,"Territory, region, or administrated by a state",Member State,,142,Asia,034,Southern Asia,,,364,Southern Asia,2021
IRL,Ireland,1,2003,High income,Europe & Central Asia,NO,Member State,1,"Territory, region, or administrated by a state",Member State,,150,Europe,154,Northern Europe,,,372,Northern America and Europe,2021
ISR,Israel,1,1998,High income,Middle East & North Africa,NO,Member State,1,"Territory, region, or administrated by a state",Member State,,142,Asia,145,Western Asia,,,376,Northern Africa & Western Asia,2021
ITA,Italy,1,1990,High income,Europe & Central Asia,NO,Member State,1,"Territory, region, or administrated by a state",Member State,,150,Europe,039,Southern Europe,,,380,Northern America and Europe,2021
JAM,Jamaica,1,2002,Upper middle income,Latin America & Caribbean,NO,Member State,1,"Territory, region, or administrated by a state",Member State,,019,Americas,419,Latin America and the Caribbean,029,Caribbean,388,Latin America & Caribbean,2021
JPN,Japan,1,1999,High income,East Asia & Pacific,NO,Member State,1,"Territory, region, or administrated by a state",Member State,,142,Asia,030,Eastern Asia,,,392,Eastern Asia,2021
JOR,Jordan,1,2007,Upper middle income,Middle East & North Africa,NO,Member State,1,"Territory, region, or administrated by a state",Member State,,142,Asia,145,Western Asia,,,400,Northern Africa & Western Asia,2021
KAZ,Kazakhstan,1,2015,Upper middle income,Europe & Central Asia,NO,Member State,1,"Territory, region, or administrated by a state",Member State,,142,Asia,143,Central Asia,,,398,Central Asia,2021
KEN,Kenya,1,2016,Lower middle income,Sub-Saharan Africa,NO,Member State,1,"Territory, region, or administrated by a state",Member State,,002,Africa,202,Sub-Saharan Africa,014,Eastern Africa,404,Sub-Saharan Africa,2021
KWT,Kuwait,1,2020,High income,Middle East & North Africa,NO,Member State,1,"Territory, region, or administrated by a state",Member State,,142,Asia,145,Western Asia,,,414,Northern Africa & Western Asia,2021
KGZ,Kyrgyzstan,1,2007,Lower middle income,Europe & Central Asia,NO,Member State,1,"Territory, region, or administrated by a state",Member State,,142,Asia,143,Central Asia,,,417,Central Asia,2021
LVA,Latvia,1,1998,High income,Europe & Central Asia,NO,Member State,1,"Territory, region, or administrated by a state",Member State,,150,Europe,154,Northern Europe,,,428,Northern America and Europe,2021
LBN,Lebanon,1,2017,Lower middle income,Middle East & North Africa,NO,Member State,1,"Territory, region, or administrated by a state",Member State,,142,Asia,145,Western Asia,,,422,Northern Africa & Western Asia,2021
LBR,Liberia,1,2010,Low income,Sub-Saharan Africa,NO,Member State,1,"Territory, region, or administrated by a state",Member State,,002,Africa,202,Sub-Saharan Africa,011,Western Africa,430,Sub-Saharan Africa,2021
LIE,Liechtenstein,1,1999,High income,Europe & Central Asia,NO,Member State,1,"Territory, region, or administrated by a state",Member State,,150,Europe,155,Western Europe,,,438,Northern America and Europe,2021
LTU,Lithuania,1,1996,High income,Europe & Central Asia,NO,Member State,1,"Territory, region, or administrated by a state",Member State,,150,Europe,154,Northern Europe,,,440,Northern America and Europe,2021
LUX,Luxembourg,1,2018,High income,Europe & Central Asia,NO,Member State,1,"Territory, region, or administrated by a state",Member State,,150,Europe,155,Western Europe,,,442,Northern America and Europe,2021
MWI,Malawi,1,2017,Low income,Sub-Saharan Africa,NO,Member State,1,"Territory, region, or administrated by a state",Member State,,002,Africa,202,Sub-Saharan Africa,014,Eastern Africa,454,Sub-Saharan Africa,2021
MDV,Maldives,1,2014,Upper middle income,South Asia,NO,Member State,1,"Territory, region, or administrated by a state",Member State,,142,Asia,034,Southern Asia,,,462,Southern Asia,2021
MLT,Malta,1,2008,High income,Middle East & North Africa,NO,Member State,1,"Territory, region, or administrated by a state",Member State,,150,Europe,039,Southern Europe,,,470,Northern America and Europe,2021
MEX,Mexico,1,2002,Upper middle income,Latin America & Caribbean,NO,Member State,1,"Territory, region, or administrated by a state",Member State,,019,Americas,419,Latin America and the Caribbean,013,Central America,484,Latin America & Caribbean,2021
MCO,Monaco,1,2011,High income,Europe & Central Asia,NO,Member State,1,"Territory, region, or administrated by a state",Member State,,150,Europe,155,Western Europe,,,492,Northern America and Europe,2021
MNG,Mongolia,1,2011,Lower middle income,East Asia & Pacific,NO,Member State,1,"Territory, region, or administrated by a state",Member State,,142,Asia,030,Eastern Asia,,,496,Eastern Asia,2021
MNE,Montenegro,1,2005,Upper middle income,Europe & Central Asia,NO,Member State,1,Member state,,,150,Europe,039,Southern Europe,,,499,Northern America and Europe,2021
MAR,Morocco,1,2018,Lower middle income,Middle East & North Africa,NO,Member State,1,"Territory, region, or administrated by a state",Member State,,002,Africa,015,Northern Africa,,,504,Northern Africa & Western Asia,2021
MOZ,Mozambique,1,2014,Low income,Sub-Saharan Africa,NO,Member State,1,"Territory, region, or administrated by a state",Member State,,002,Africa,202,Sub-Saharan Africa,014,Eastern Africa,508,Sub-Saharan Africa,2021
NPL,Nepal,1,2007,Lower middle income,South Asia,NO,Member State,1,"Territory, region, or administrated by a state",Member State,,142,Asia,034,Southern Asia,,,524,Southern Asia,2021
NLD,Netherlands,1,1978,High income,Europe & Central Asia,NO,Member State,1,"Territory, region, or administrated by a state",Member State,,150,Europe,155,Western Europe,,,528,Northern America and Europe,2021
NZL,New Zealand,1,1982,High income,East Asia & Pacific,NO,Member State,1,"Territory, region, or administrated by a state",Member State,,009,Oceania,053,Australia and New Zealand,,,554,Oceania,2021
NIC,Nicaragua,1,2007,Lower middle income,Latin America & Caribbean,NO,Member State,1,"Territory, region, or administrated by a state",Member State,,019,Americas,419,Latin America and the Caribbean,013,Central America,558,Latin America & Caribbean,2021
NER,Niger,1,2011,Low income,Sub-Saharan Africa,NO,Member State,1,"Territory, region, or administrated by a state",Member State,,002,Africa,202,Sub-Saharan Africa,011,Western Africa,562,Sub-Saharan Africa,2021
NGA,Nigeria,1,2011,Lower middle income,Sub-Saharan Africa,NO,Member State,1,"Territory, region, or administrated by a state",Member State,,002,Africa,202,Sub-Saharan Africa,011,Western Africa,566,Sub-Saharan Africa,2021
MKD,North Macedonia,1,2006,Upper middle income,Europe & Central Asia,NO,Member State,1,"Territory, region, or administrated by a state",Member State,,150,Europe,039,Southern Europe,,,807,Northern America and Europe,2021
NOR,Norway,1,1970,High income,Europe & Central Asia,NO,Member State,1,"Territory, region, or administrated by a state",Member State,,150,Europe,154,Northern Europe,,,578,Northern America and Europe,2021
PAK,Pakistan,1,2002,Lower middle income,South Asia,NO,Member State,1,"Territory, region, or administrated by a state",Member State,,142,Asia,034,Southern Asia,,,586,Southern Asia,2021
PLW,Palau,1,2014,Upper middle income,East Asia & Pacific,NO,Member State,1,"Territory, region, or administrated by a state",Member State,,009,Oceania,057,Micronesia,,,585,Oceania,2021
PAN,Panama,1,2002,High income,Latin America & Caribbean,NO,Member State,1,"Territory, region, or administrated by a state",Member State,,019,Americas,419,Latin America and the Caribbean,013,Central America,591,Latin America & Caribbean,2021
PRY,Paraguay,1,2014,Upper middle income,Latin America & Caribbean,NO,Member State,1,"Territory, region, or administrated by a state",Member State,,019,Americas,419,Latin America and the Caribbean,005,South America,600,Latin America & Caribbean,2021
PER,Peru,1,2003,Upper middle income,Latin America & Caribbean,NO,Member State,1,"Territory, region, or administrated by a state",Member State,,019,Americas,419,Latin America and the Caribbean,005,South America,604,Latin America & Caribbean,2021
PHL,Philippines,1,2016,Lower middle income,East Asia & Pacific,NO,Member State,1,"Territory, region, or administrated by a state",Member State,,142,Asia,035,South-eastern Asia,,,608,South-eastern Asia,2021
POL,Poland,1,2001,High income,Europe & Central Asia,NO,Member State,1,"Territory, region, or administrated by a state",Member State,,150,Europe,151,Eastern Europe,,,616,Northern America and Europe,2021
PRT,Portugal,1,1993,High income,Europe & Central Asia,NO,Member State,1,"Territory, region, or administrated by a state",Member State,,150,Europe,039,Southern Europe,,,620,Northern America and Europe,2021
KOR,Republic of Korea,1,1996,High income,East Asia & Pacific,NO,Member State,1,"Territory, region, or administrated by a state",Member State,,142,Asia,030,Eastern Asia,,,410,Eastern Asia,2021
MDA,Republic of Moldova,1,2000,Upper middle income,Europe & Central Asia,NO,Member State,1,"Territory, region, or administrated by a state",Member State,,150,Europe,151,Eastern Europe,,,498,Northern America and Europe,2021
ROU,Romania,1,2001,High income,Europe & Central Asia,NO,Member State,1,"Territory, region, or administrated by a state",Member State,,150,Europe,151,Eastern Europe,,,642,Northern America and Europe,2021
RUS,Russian Federation,1,2009,Upper middle income,Europe & Central Asia,NO,Member State,1,"Territory, region, or administrated by a state",Member State,,150,Europe,151,Eastern Europe,,,643,Northern America and Europe,2021
RWA,Rwanda,1,2013,Low income,Sub-Saharan Africa,NO,Member State,1,"Territory, region, or administrated by a state",Member State,,002,Africa,202,Sub-Saharan Africa,014,Eastern Africa,646,Sub-Saharan Africa,2021
KNA,Saint Kitts and Nevis,1,2018,High income,Latin America & Caribbean,NO,Member State,1,"Territory, region, or administrated by a state",Member State,,019,Americas,419,Latin America and the Caribbean,029,Caribbean,659,Latin America & Caribbean,2021
VCT,Saint Vincent and the Grenadines,1,2003,Upper middle income,Latin America & Caribbean,NO,Member State,1,"Territory, region, or administrated by a state",Member State,,019,Americas,419,Latin America and the Caribbean,029,Caribbean,670,Latin America & Caribbean,2021
SMR,San Marino,1,2011,High income,Europe & Central Asia,NO,Member State,1,"Territory, region, or administrated by a state",Member State,,150,Europe,039,Southern Europe,,,674,Northern America and Europe,2021
SAU,Saudi Arabia,1,2021,High income,Middle East & North Africa,NO,Member State,1,"Territory, region, or administrated by a state",Member State,,142,Asia,145,Western Asia,,,682,Northern Africa & Western Asia,2021
SRB,Serbia,1,2003,Upper middle income,Europe & Central Asia,NO,Member State,1,Member state,,,150,Europe,039,Southern Europe,,,688,Northern America and Europe,2021
SYC,Seychelles,1,2018,High income,Sub-Saharan Africa,NO,Member State,1,"Territory, region, or administrated by a state",Member State,,002,Africa,202,Sub-Saharan Africa,014,Eastern Africa,690,Sub-Saharan Africa,2021
SLE,Sierra Leone,1,2013,Low income,Sub-Saharan Africa,NO,Member State,1,"Territory, region, or administrated by a state",Member State,,002,Africa,202,Sub-Saharan Africa,011,Western Africa,694,Sub-Saharan Africa,2021
SVK,Slovakia,1,2000,High income,Europe & Central Asia,NO,Member State,1,"Territory, region, or administrated by a state",Member State,,150,Europe,151,Eastern Europe,,,703,Northern America and Europe,2021
SVN,Slovenia,1,2003,High income,Europe & Central Asia,NO,Member State,1,"Territory, region, or administrated by a state",Member State,,150,Europe,039,Southern Europe,,,705,Northern America and Europe,2021
ZAF,South Africa,1,2000,Upper middle income,Sub-Saharan Africa,NO,Member State,1,"Territory, region, or administrated by a state",Member State,,002,Africa,202,Sub-Saharan Africa,018,Southern Africa,710,Sub-Saharan Africa,2021
SSD,South Sudan,1,2013,Low income,Sub-Saharan Africa,NO,Member State,1,Member state,,,002,Africa,202,Sub-Saharan Africa,014,Eastern Africa,728,Sub-Saharan Africa,2021
ESP,Spain,1,2013,High income,Europe & Central Asia,NO,Member State,1,"Territory, region, or administrated by a state",Member State,,150,Europe,039,Southern Europe,,,724,Northern America and Europe,2021
LKA,Sri Lanka,1,2016,Lower middle income,South Asia,NO,Member State,1,"Territory, region, or administrated by a state",Member State,,142,Asia,034,Southern Asia,,,144,Southern Asia,2021
SDN,Sudan,1,2015,Low income,Sub-Saharan Africa,NO,Member State,1,"Territory, region, or administrated by a state",Member State,,002,Africa,015,Northern Africa,,,729,Northern Africa & Western Asia,2021
SWE,Sweden,1,1766,High income,Europe & Central Asia,NO,Member State,1,"Territory, region, or administrated by a state",Member State,,150,Europe,154,Northern Europe,,,752,Northern America and Europe,2021
CHE,Switzerland,1,2004,High income,Europe & Central Asia,NO,Member State,1,"Territory, region, or administrated by a state",Member State,,150,Europe,155,Western Europe,,,756,Northern America and Europe,2021
TJK,Tajikistan,1,2002,Lower middle income,Europe & Central Asia,NO,Member State,1,"Territory, region, or administrated by a state",Member State,,142,Asia,143,Central Asia,,,762,Central Asia,2021
THA,Thailand,1,1997,Upper middle income,East Asia & Pacific,NO,Member State,1,"Territory, region, or administrated by a state",Member State,,142,Asia,035,South-eastern Asia,,,764,South-eastern Asia,2021
TLS,Timor-Leste,1,2016,Lower middle income,East Asia & Pacific,NO,Member State,1,"Territory, region, or administrated by a state",Member State,,142,Asia,035,South-eastern Asia,,,626,South-eastern Asia,2021
TGO,Togo,1,2016,Low income,Sub-Saharan Africa,NO,Member State,1,"Territory, region, or administrated by a state",Member State,,002,Africa,202,Sub-Saharan Africa,011,Western Africa,768,Sub-Saharan Africa,2021
TTO,Trinidad and Tobago,1,1999,High income,Latin America & Caribbean,NO,Member State,1,"Territory, region, or administrated by a state",Member State,,019,Americas,419,Latin America and the Caribbean,029,Caribbean,780,Latin America & Caribbean,2021
TUN,Tunisia,1,2011,Lower middle income,Middle East & North Africa,NO,Member State,1,"Territory, region, or administrated by a state",Member State,,002,Africa,015,Northern Africa,,,788,Northern Africa & Western Asia,2021
TUR,Türkiye,1,2003,Upper middle income,Europe & Central Asia,NO,Member State,1,"Territory, region, or administrated by a state",Member State,,142,Asia,145,Western Asia,,,792,Northern Africa & Western Asia,2021
UGA,Uganda,1,2005,Low income,Sub-Saharan Africa,NO,Member State,1,"Territory, region, or administrated by a state",Member State,,002,Africa,202,Sub-Saharan Africa,014,Eastern Africa,800,Sub-Saharan Africa,2021
UKR,Ukraine,1,1992,Lower middle income,Europe & Central Asia,NO,Member State,1,"Territory, region, or administrated by a state",Member State,,150,Europe,151,Eastern Europe,,,804,Northern America and Europe,2021
GBR,United Kingdom of Great Britain and Northern Ireland,1,2000,High income,Europe & Central Asia,NO,Member State,1,"Territory, region, or administrated by a state",Member State,,150,Europe,154,Northern Europe,,,826,Northern America and Europe,2021
TZA,United Republic of Tanzania,1,2016,Lower middle income,Sub-Saharan Africa,NO,Member State,1,"Territory, region, or administrated by a state",Member State,,002,Africa,202,Sub-Saharan Africa,014,Eastern Africa,834,Sub-Saharan Africa,2021
USA,United States of America,1,1966,High income,North America,NO,Member State,1,"Territory, region, or administrated by a state",Member State,,019,Americas,021,Northern America,,,840,Northern America and Europe,2021
URY,Uruguay,1,2008,High income,Latin America & Caribbean,NO,Member State,1,"Territory, region, or administrated by a state",Member State,,019,Americas,419,Latin America and the Caribbean,005,South America,858,Latin America & Caribbean,2021
UZB,Uzbekistan,1,1997,Lower middle income,Europe & Central Asia,NO,Member State,1,"Territory, region, or administrated by a state",Member State,,142,Asia,143,Central Asia,,,860,Central Asia,2021
VUT,Vanuatu,1,2016,Lower middle income,East Asia & Pacific,NO,Member State,1,"Territory, region, or administrated by a state",Member State,,009,Oceania,054,Melanesia,,,548,Oceania,2021
VEN,"Venezuela, Bolivarian Republic of",1,2021,,Latin America & Caribbean,NO,Member State,1,"Territory, region, or administrated by a state",Member State,,019,Americas,419,Latin America and the Caribbean,005,South America,862,Latin America & Caribbean,2021
VNM,Viet Nam,1,2016,Lower middle income,East Asia & Pacific,NO,Member State,1,"Territory, region, or administrated by a state",Member State,,142,Asia,035,South-eastern Asia,,,704,South-eastern Asia,2021
YEM,Yemen,1,2012,Low income,Middle East & North Africa,NO,Member State,1,"Territory, region, or administrated by a state",Member State,,142,Asia,145,Western Asia,,,887,Northern Africa & Western Asia,2021
ZWE,Zimbabwe,1,2002,Lower middle income,Sub-Saharan Africa,NO,Member State,1,"Territory, region, or administrated by a state",Member State,,002,Africa,202,Sub-Saharan Africa,014,Eastern Africa,716,Sub-Saharan Africa,2021
DZA,Algeria,0,,Lower middle income,Middle East & North Africa,NO,Member State,1,"Territory, region, or administrated by a state",Member State,,002,Africa,015,Northern Africa,,,012,Northern Africa & Western Asia,2021
BHR,Bahrain,0,,High income,Middle East & North Africa,NO,Member State,1,"Territory, region, or administrated by a state",Member State,,,Asia,145,Western Asia,,,048,Northern Africa & Western Asia,2021
BRB,Barbados,0,,High income,Latin America & Caribbean,NO,Member State,1,"Territory, region, or administrated by a state",Member State,,019,Americas,419,Latin America and the Caribbean,029,Caribbean,052,Latin America & Caribbean,2021
BTN,Bhutan,0,,Lower middle income,South Asia,NO,Member State,1,"Territory, region, or administrated by a state",Member State,,142,Asia,034,Southern Asia,,,064,Southern Asia,2021
BWA,Botswana,0,,Upper middle income,Sub-Saharan Africa,NO,Member State,1,"Territory, region, or administrated by a state",Member State,,002,Africa,202,Sub-Saharan Africa,018,Southern Africa,072,Sub-Saharan Africa,2021
BRN,Brunei Darussalam,0,,High income,East Asia & Pacific,NO,Member State,1,"Territory, region, or administrated by a state",Member State,,142,Asia,035,South-eastern Asia,,,096,South-eastern Asia,2021
BDI,Burundi,0,,Low income,Sub-Saharan Africa,NO,Member State,1,"Territory, region, or administrated by a state",Member State,,002,Africa,202,Sub-Saharan Africa,014,Eastern Africa,108,Sub-Saharan Africa,2021
CPV,Cabo Verde,0,,Lower middle income,Sub-Saharan Africa,NO,Member State,1,"Territory, region, or administrated by a state",Member State,,002,Africa,202,Sub-Saharan Africa,011,Western Africa,132,Sub-Saharan Africa,2021
KHM,Cambodia,0,,Lower middle income,East Asia & Pacific,NO,Member State,1,"Territory, region, or administrated by a state",Member State,,142,Asia,035,South-eastern Asia,,,116,South-eastern Asia,2021
CMR,Cameroon,0,,Lower middle income,Sub-Saharan Africa,NO,Member State,1,"Territory, region, or administrated by a state",Member State,,002,Africa,202,Sub-Saharan Africa,017,Middle Africa,120,Sub-Saharan Africa,2021
CAF,Central African Republic,0,,Low income,Sub-Saharan Africa,NO,Member State,1,"Territory, region, or administrated by a state",Member State,,002,Africa,202,Sub-Saharan Africa,017,Middle Africa,140,Sub-Saharan Africa,2021
TCD,Chad,0,,Low income,Sub-Saharan Africa,NO,Member State,1,"Territory, region, or administrated by a state",Member State,,002,Africa,202,Sub-Saharan Africa,017,Middle Africa,148,Sub-Saharan Africa,2021
COM,Comoros,0,,Lower middle income,Sub-Saharan Africa,NO,Member State,1,"Territory, region, or administrated by a state",Member State,,002,Africa,202,Sub-Saharan Africa,014,Eastern Africa,174,Sub-Saharan Africa,2021
COG,Congo,0,,Lower middle income,Sub-Saharan Africa,NO,Member State,1,"Territory, region, or administrated by a state",Member State,,002,Africa,202,Sub-Saharan Africa,017,Middle Africa,178,Sub-Saharan Africa,2021
CUB,Cuba,0,,Upper middle income,Latin America & Caribbean,NO,Member State,1,"Territory, region, or administrated by a state",Member State,,019,Americas,419,Latin America and the Caribbean,029,Caribbean,192,Latin America & Caribbean,2021
PRK,Dem People's Rep of Korea,0,,Low income,East Asia & Pacific,NO,Member State,1,"Territory, region, or administrated by a state",Member State,,142,Asia,030,Eastern Asia,,,408,Eastern Asia,2021
COD,Democratic Republic of the Congo,0,,Low income,Sub-Saharan Africa,NO,Member State,1,"Territory, region, or administrated by a state",Member State,,002,Africa,202,Sub-Saharan Africa,017,Middle Africa,180,Sub-Saharan Africa,2021
DJI,Djibouti,0,,Lower middle income,Middle East & North Africa,NO,Member State,1,"Territory, region, or administrated by a state",Member State,,002,Africa,202,Sub-Saharan Africa,014,Eastern Africa,262,Sub-Saharan Africa,2021
DMA,Dominica,0,,Upper middle income,Latin America & Caribbean,NO,Member State,1,"Territory, region, or administrated by a state",Member State,,019,Americas,419,Latin America and the Caribbean,029,Caribbean,212,Latin America & Caribbean,2021
EGY,Egypt,0,,Lower middle income,Middle East & North Africa,NO,Member State,1,"Territory, region, or administrated by a state",Member State,,002,Africa,015,Northern Africa,,,818,Northern Africa & Western Asia,2021
GNQ,Equatorial Guinea,0,,Upper middle income,Sub-Saharan Africa,NO,Member State,1,"Territory, region, or administrated by a state",Member State,,002,Africa,202,Sub-Saharan Africa,017,Middle Africa,226,Sub-Saharan Africa,2021
ERI,Eritrea,0,,Low income,Sub-Saharan Africa,NO,Member State,1,"Territory, region, or administrated by a state",Member State,,002,Africa,202,Sub-Saharan Africa,014,Eastern Africa,232,Sub-Saharan Africa,2021
SWZ,Eswatini,0,,Lower middle income,Sub-Saharan Africa,NO,Member State,1,"Territory, region, or administrated by a state",Member State,,002,Africa,202,Sub-Saharan Africa,018,Southern Africa,748,Sub-Saharan Africa,2021
GUF,French Guiana,0,,,,NO,Member State,1,"Territory, region, or administrated by a state",Member State,,019,Americas,419,Latin America and the Caribbean,005,South America,254,Latin America & Caribbean,2021
GAB,Gabon,0,,Upper middle income,Sub-Saharan Africa,NO,Member State,1,"Territory, region, or administrated by a state",Member State,,002,Africa,202,Sub-Saharan Africa,017,Middle Africa,266,Sub-Saharan Africa,2021
GRD,Grenada,0,,Upper middle income,Latin America & Caribbean,NO,Member State,1,"Territory, region, or administrated by a state",Member State,,019,Americas,419,Latin America and the Caribbean,029,Caribbean,308,Latin America & Caribbean,2021
GNB,Guinea-Bissau,0,,Low income,Sub-Saharan Africa,NO,Member State,1,"Territory, region, or administrated by a state",Member State,,002,Africa,202,Sub-Saharan Africa,011,Western Africa,624,Sub-Saharan Africa,2021
HTI,Haiti,0,,Lower middle income,Latin America & Caribbean,NO,Member State,1,"Territory, region, or administrated by a state",Member State,,019,Americas,419,Latin America and the Caribbean,029,Caribbean,332,Latin America & Caribbean,2021
IRQ,Iraq,0,,Upper middle income,Middle East & North Africa,NO,Member State,1,"Territory, region, or administrated by a state",Member State,,142,Asia,145,Western Asia,,,368,Northern Africa & Western Asia,2021
KIR,Kiribati,0,,Lower middle income,East Asia & Pacific,NO,Member State,1,"Territory, region, or administrated by a state",Member State,,009,Oceania,057,Micronesia,,,296,Oceania,2021
LAO,Lao People's Democratic Republic,0,,Lower middle income,East Asia & Pacific,NO,Member State,1,"Territory, region, or administrated by a state",Member State,,142,Asia,035,South-eastern Asia,,,418,South-eastern Asia,2021
LSO,Lesotho,0,,Lower middle income,Sub-Saharan Africa,NO,Member State,1,"Territory, region, or administrated by a state",Member State,,002,Africa,202,Sub-Saharan Africa,018,Southern Africa,426,Sub-Saharan Africa,2021
LBY,Libya,0,,Upper middle income,Middle East & North Africa,NO,Member State,1,"Territory, region, or administrated by a state",Member State,,002,Africa,015,Northern Africa,,,434,Northern Africa & Western Asia,2021
MDG,Madagascar,0,,Low income,Sub-Saharan Africa,NO,Member State,1,"Territory, region, or administrated by a state",Member State,,002,Africa,202,Sub-Saharan Africa,014,Eastern Africa,450,Sub-Saharan Africa,2021
MYS,Malaysia,0,,Upper middle income,East Asia & Pacific,NO,Member State,1,"Territory, region, or administrated by a state",Member State,,142,Asia,035,South-eastern Asia,,,458,South-eastern Asia,2021
MLI,Mali,0,,Low income,Sub-Saharan Africa,NO,Member State,1,"Territory, region, or administrated by a state",Member State,,002,Africa,202,Sub-Saharan Africa,011,Western Africa,466,Sub-Saharan Africa,2021
MHL,Marshall Islands,0,,Upper middle income,East Asia & Pacific,NO,Member State,1,"Territory, region, or administrated by a state",Member State,,009,Oceania,057,Micronesia,,,584,Oceania,2021
MRT,Mauritania,0,,Lower middle income,Sub-Saharan Africa,NO,Member State,1,"Territory, region, or administrated by a state",Member State,,002,Africa,202,Sub-Saharan Africa,011,Western Africa,478,Sub-Saharan Africa,2021
MUS,Mauritius,0,,Upper middle income,Sub-Saharan Africa,NO,Member State,1,"Territory, region, or administrated by a state",Member State,,002,Africa,202,Sub-Saharan Africa,014,Eastern Africa,480,Sub-Saharan Africa,2021
FSM,Micronesia (Federated States of),0,,Lower middle income,East Asia & Pacific,NO,Member State,1,"Territory, region, or administrated by a state",Member State,,009,Oceania,057,Micronesia,,,583,Oceania,2021
MMR,Myanmar,0,,Lower middle income,East Asia & Pacific,NO,Member State,1,"Territory, region, or administrated by a state",Member State,,142,Asia,035,South-eastern Asia,,,104,South-eastern Asia,2021
NAM,Namibia,0,,Upper middle income,Sub-Saharan Africa,NO,Member State,1,"Territory, region, or administrated by a state",Member State,,002,Africa,202,Sub-Saharan Africa,018,Southern Africa,516,Sub-Saharan Africa,2021
NRU,Nauru,0,,High income,East Asia & Pacific,NO,Member State,1,"Territory, region, or administrated by a state",Member State,,009,Oceania,057,Micronesia,,,520,Oceania,2021
OMN,Oman,0,,High income,Middle East & North Africa,NO,Member State,1,"Territory, region, or administrated by a state",Member State,,142,Asia,145,Western Asia,,,512,Northern Africa & Western Asia,2021
PNG,Papua New Guinea,0,,Lower middle income,East Asia & Pacific,NO,Member State,1,"Territory, region, or administrated by a state",Member State,,009,Oceania,054,Melanesia,,,598,Oceania,2021
QAT,Qatar,0,,High income,Middle East & North Africa,NO,Member State,1,"Territory, region, or administrated by a state",Member State,,142,Asia,145,Western Asia,,,634,Northern Africa & Western Asia,2021
LCA,Saint Lucia,0,,Upper middle income,Latin America & Caribbean,NO,Member State,1,"Territory, region, or administrated by a state",Member State,,019,Americas,419,Latin America and the Caribbean,029,Caribbean,662,Latin America & Caribbean,2021
WSM,Samoa,0,,Lower middle income,East Asia & Pacific,NO,Member State,1,"Territory, region, or administrated by a state",Member State,,009,Oceania,061,Polynesia,,,882,Oceania,2021
STP,Sao Tome and Principe,0,,Lower middle income,Sub-Saharan Africa,NO,Member State,1,"Territory, region, or administrated by a state",Member State,,002,Africa,202,Sub-Saharan Africa,017,Middle Africa,678,Sub-Saharan Africa,2021
SEN,Senegal,0,,Lower middle income,Sub-Saharan Africa,NO,Member State,1,"Territory, region, or administrated by a state",Member State,,002,Africa,202,Sub-Saharan Africa,011,Western Africa,686,Sub-Saharan Africa,2021
SGP,Singapore,0,,High income,East Asia & Pacific,NO,Member State,1,"Territory, region, or administrated by a state",Member State,,142,Asia,035,South-eastern Asia,,,702,South-eastern Asia,2021
SLB,Solomon Islands,0,,Lower middle income,East Asia & Pacific,NO,Member State,1,"Territory, region, or administrated by a state",Member State,,009,Oceania,054,Melanesia,,,090,Oceania,2021
SOM,Somalia,0,,Low income,Sub-Saharan Africa,NO,Member State,1,"Territory, region, or administrated by a state",Member State,,002,Africa,202,Sub-Saharan Africa,014,Eastern Africa,706,Sub-Saharan Africa,2021
SUR,Suriname,0,,Upper middle income,Latin America & Caribbean,NO,Member State,1,"Territory, region, or administrated by a state",Member State,,019,Americas,419,Latin America and the Caribbean,005,South America,740,Latin America & Caribbean,2021
SYR,Syrian Arab Republic,0,,Low income,Middle East & North Africa,NO,Member State,1,"Territory, region, or administrated by a state",Member State,,142,Asia,145,Western Asia,,,760,Northern Africa & Western Asia,2021
TON,Tonga,0,,Upper middle income,East Asia & Pacific,NO,Member State,1,"Territory, region, or administrated by a state",Member State,,009,Oceania,061,Polynesia,,,776,Oceania,2021
TKM,Turkmenistan,0,,Upper middle income,Europe & Central Asia,NO,Member State,1,"Territory, region, or administrated by a state",Member State,,142,Asia,143,Central Asia,,,795,Central Asia,2021
TUV,Tuvalu,0,,Upper middle income,East Asia & Pacific,NO,Member State,1,"Territory, region, or administrated by a state",Member State,,009,Oceania,061,Polynesia,,,798,Oceania,2021
ARE,United Arab Emirates,0,,High income,Middle East & North Africa,NO,Member State,1,"Territory, region, or administrated by a state",Member State,,142,Asia,145,Western Asia,,,784,Northern Africa & Western Asia,2021
ZMB,Zambia,0,,Low income,Sub-Saharan Africa,NO,Member State,1,"Territory, region, or administrated by a state",Member State,,002,Africa,202,Sub-Saharan Africa,014,Eastern Africa,894,Sub-Saharan Africa,2021
