country,ISO,year,spadequacy,incgrp,wb_region,disp_area,UN_status_detail,UNmemberstate,UN_status,territoryof,ISO_governing,UN_contregion_code,UN_continental_region,UN_subregion_code,UN_subregion,UN_intermedregion_code,UN_intermediary_region,m49_code,fsci_regions
Afghanistan,AFG,2007,22.986309,Low income,South Asia,NO,Member State,1,"Territory, region, or administrated by a state",Member State,,142,Asia,034,Southern Asia,,,004,Southern Asia
Angola,AGO,2018,23.596813,Lower middle income,Sub-Saharan Africa,NO,Member State,1,"Territory, region, or administrated by a state",Member State,,002,Africa,202,Sub-Saharan Africa,017,Middle Africa,024,Sub-Saharan Africa
Albania,ALB,2008,23.890741,Upper middle income,Europe & Central Asia,NO,Member State,1,"Territory, region, or administrated by a state",Member State,,150,Europe,039,Southern Europe,,,008,Northern America and Europe
Albania,ALB,2012,27.989923,Upper middle income,Europe & Central Asia,NO,Member State,1,"Territory, region, or administrated by a state",Member State,,150,Europe,039,Southern Europe,,,008,Northern America and Europe
Argentina,ARG,2006,40.860256,Upper middle income,Latin America & Caribbean,NO,Member State,1,"Territory, region, or administrated by a state",Member State,,019,Americas,419,Latin America and the Caribbean,005,South America,032,Latin America & Caribbean
Argentina,ARG,2010,37.013954,Upper middle income,Latin America & Caribbean,NO,Member State,1,"Territory, region, or administrated by a state",Member State,,019,Americas,419,Latin America and the Caribbean,005,South America,032,Latin America & Caribbean
Argentina,ARG,2011,29.876715,Upper middle income,Latin America & Caribbean,NO,Member State,1,"Territory, region, or administrated by a state",Member State,,019,Americas,419,Latin America and the Caribbean,005,South America,032,Latin America & Caribbean
Argentina,ARG,2012,32.786457,Upper middle income,Latin America & Caribbean,NO,Member State,1,"Territory, region, or administrated by a state",Member State,,019,Americas,419,Latin America and the Caribbean,005,South America,032,Latin America & Caribbean
Argentina,ARG,2013,38.150375,Upper middle income,Latin America & Caribbean,NO,Member State,1,"Territory, region, or administrated by a state",Member State,,019,Americas,419,Latin America and the Caribbean,005,South America,032,Latin America & Caribbean
Argentina,ARG,2014,38.585602,Upper middle income,Latin America & Caribbean,NO,Member State,1,"Territory, region, or administrated by a state",Member State,,019,Americas,419,Latin America and the Caribbean,005,South America,032,Latin America & Caribbean
Argentina,ARG,2016,39.525448,Upper middle income,Latin America & Caribbean,NO,Member State,1,"Territory, region, or administrated by a state",Member State,,019,Americas,419,Latin America and the Caribbean,005,South America,032,Latin America & Caribbean
Argentina,ARG,2017,40.437904,Upper middle income,Latin America & Caribbean,NO,Member State,1,"Territory, region, or administrated by a state",Member State,,019,Americas,419,Latin America and the Caribbean,005,South America,032,Latin America & Caribbean
Argentina,ARG,2018,39.578098,Upper middle income,Latin America & Caribbean,NO,Member State,1,"Territory, region, or administrated by a state",Member State,,019,Americas,419,Latin America and the Caribbean,005,South America,032,Latin America & Caribbean
Argentina,ARG,2019,40.054531,Upper middle income,Latin America & Caribbean,NO,Member State,1,"Territory, region, or administrated by a state",Member State,,019,Americas,419,Latin America and the Caribbean,005,South America,032,Latin America & Caribbean
Armenia,ARM,2008,27.90616,Upper middle income,Europe & Central Asia,NO,Member State,1,"Territory, region, or administrated by a state",Member State,,142,Asia,145,Western Asia,,,051,Northern Africa & Western Asia
Armenia,ARM,2009,33.975868,Upper middle income,Europe & Central Asia,NO,Member State,1,"Territory, region, or administrated by a state",Member State,,142,Asia,145,Western Asia,,,051,Northern Africa & Western Asia
Armenia,ARM,2010,34.32122,Upper middle income,Europe & Central Asia,NO,Member State,1,"Territory, region, or administrated by a state",Member State,,142,Asia,145,Western Asia,,,051,Northern Africa & Western Asia
Armenia,ARM,2011,33.342075,Upper middle income,Europe & Central Asia,NO,Member State,1,"Territory, region, or administrated by a state",Member State,,142,Asia,145,Western Asia,,,051,Northern Africa & Western Asia
Armenia,ARM,2012,34.869526,Upper middle income,Europe & Central Asia,NO,Member State,1,"Territory, region, or administrated by a state",Member State,,142,Asia,145,Western Asia,,,051,Northern Africa & Western Asia
Armenia,ARM,2013,32.643288,Upper middle income,Europe & Central Asia,NO,Member State,1,"Territory, region, or administrated by a state",Member State,,142,Asia,145,Western Asia,,,051,Northern Africa & Western Asia
Armenia,ARM,2014,33.633896,Upper middle income,Europe & Central Asia,NO,Member State,1,"Territory, region, or administrated by a state",Member State,,142,Asia,145,Western Asia,,,051,Northern Africa & Western Asia
Armenia,ARM,2015,33.6157,Upper middle income,Europe & Central Asia,NO,Member State,1,"Territory, region, or administrated by a state",Member State,,142,Asia,145,Western Asia,,,051,Northern Africa & Western Asia
Armenia,ARM,2016,33.909153,Upper middle income,Europe & Central Asia,NO,Member State,1,"Territory, region, or administrated by a state",Member State,,142,Asia,145,Western Asia,,,051,Northern Africa & Western Asia
Armenia,ARM,2017,35.968529,Upper middle income,Europe & Central Asia,NO,Member State,1,"Territory, region, or administrated by a state",Member State,,142,Asia,145,Western Asia,,,051,Northern Africa & Western Asia
Armenia,ARM,2018,36.373402,Upper middle income,Europe & Central Asia,NO,Member State,1,"Territory, region, or administrated by a state",Member State,,142,Asia,145,Western Asia,,,051,Northern Africa & Western Asia
Azerbaijan,AZE,2015,2.5745189,Upper middle income,Europe & Central Asia,NO,Member State,1,"Territory, region, or administrated by a state",Member State,,142,Asia,145,Western Asia,,,031,Northern Africa & Western Asia
Benin,BEN,2003,39.493587,Lower middle income,Sub-Saharan Africa,NO,Member State,1,"Territory, region, or administrated by a state",Member State,,002,Africa,202,Sub-Saharan Africa,011,Western Africa,204,Sub-Saharan Africa
Burkina Faso,BFA,2003,50.205631,Low income,Sub-Saharan Africa,NO,Member State,1,"Territory, region, or administrated by a state",Member State,,002,Africa,202,Sub-Saharan Africa,011,Western Africa,854,Sub-Saharan Africa
Burkina Faso,BFA,2014,17.149059,Low income,Sub-Saharan Africa,NO,Member State,1,"Territory, region, or administrated by a state",Member State,,002,Africa,202,Sub-Saharan Africa,011,Western Africa,854,Sub-Saharan Africa
Burkina Faso,BFA,2018,17.217672,Low income,Sub-Saharan Africa,NO,Member State,1,"Territory, region, or administrated by a state",Member State,,002,Africa,202,Sub-Saharan Africa,011,Western Africa,854,Sub-Saharan Africa
Bangladesh,BGD,2005,27.674162,Lower middle income,South Asia,NO,Member State,1,"Territory, region, or administrated by a state",Member State,,142,Asia,034,Southern Asia,,,050,Southern Asia
Bangladesh,BGD,2010,9.1202669,Lower middle income,South Asia,NO,Member State,1,"Territory, region, or administrated by a state",Member State,,142,Asia,034,Southern Asia,,,050,Southern Asia
Bangladesh,BGD,2016,6.0996795,Lower middle income,South Asia,NO,Member State,1,"Territory, region, or administrated by a state",Member State,,142,Asia,034,Southern Asia,,,050,Southern Asia
Bulgaria,BGR,2007,32.192337,Upper middle income,Europe & Central Asia,NO,Member State,1,"Territory, region, or administrated by a state",Member State,,150,Europe,151,Eastern Europe,,,100,Northern America and Europe
Bosnia and Herzegovina,BIH,2007,17.873283,Upper middle income,Europe & Central Asia,NO,Member State,1,"Territory, region, or administrated by a state",Member State,,150,Europe,039,Southern Europe,,,070,Northern America and Europe
Bosnia and Herzegovina,BIH,2015,32.451496,Upper middle income,Europe & Central Asia,NO,Member State,1,"Territory, region, or administrated by a state",Member State,,150,Europe,039,Southern Europe,,,070,Northern America and Europe
Belarus,BLR,2008,37.20126,Upper middle income,Europe & Central Asia,NO,Member State,1,"Territory, region, or administrated by a state",Member State,,150,Europe,151,Eastern Europe,,,112,Northern America and Europe
Belarus,BLR,2009,36.417484,Upper middle income,Europe & Central Asia,NO,Member State,1,"Territory, region, or administrated by a state",Member State,,150,Europe,151,Eastern Europe,,,112,Northern America and Europe
Belarus,BLR,2010,37.025684,Upper middle income,Europe & Central Asia,NO,Member State,1,"Territory, region, or administrated by a state",Member State,,150,Europe,151,Eastern Europe,,,112,Northern America and Europe
Belarus,BLR,2012,41.129826,Upper middle income,Europe & Central Asia,NO,Member State,1,"Territory, region, or administrated by a state",Member State,,150,Europe,151,Eastern Europe,,,112,Northern America and Europe
Belarus,BLR,2013,48.075047,Upper middle income,Europe & Central Asia,NO,Member State,1,"Territory, region, or administrated by a state",Member State,,150,Europe,151,Eastern Europe,,,112,Northern America and Europe
Belarus,BLR,2014,47.968056,Upper middle income,Europe & Central Asia,NO,Member State,1,"Territory, region, or administrated by a state",Member State,,150,Europe,151,Eastern Europe,,,112,Northern America and Europe
Belarus,BLR,2015,50.899811,Upper middle income,Europe & Central Asia,NO,Member State,1,"Territory, region, or administrated by a state",Member State,,150,Europe,151,Eastern Europe,,,112,Northern America and Europe
Belarus,BLR,2016,72.384972,Upper middle income,Europe & Central Asia,NO,Member State,1,"Territory, region, or administrated by a state",Member State,,150,Europe,151,Eastern Europe,,,112,Northern America and Europe
Belarus,BLR,2017,51.927845,Upper middle income,Europe & Central Asia,NO,Member State,1,"Territory, region, or administrated by a state",Member State,,150,Europe,151,Eastern Europe,,,112,Northern America and Europe
Belarus,BLR,2018,50.484562,Upper middle income,Europe & Central Asia,NO,Member State,1,"Territory, region, or administrated by a state",Member State,,150,Europe,151,Eastern Europe,,,112,Northern America and Europe
Belarus,BLR,2019,53.374023,Upper middle income,Europe & Central Asia,NO,Member State,1,"Territory, region, or administrated by a state",Member State,,150,Europe,151,Eastern Europe,,,112,Northern America and Europe
Belize,BLZ,2009,23.345619,Upper middle income,Latin America & Caribbean,NO,Member State,1,"Territory, region, or administrated by a state",Member State,,019,Americas,419,Latin America and the Caribbean,013,Central America,084,Latin America & Caribbean
Bolivia (Plurinational State of),BOL,2006,27.634712,Lower middle income,Latin America & Caribbean,NO,Member State,1,"Territory, region, or administrated by a state",Member State,,019,Americas,419,Latin America and the Caribbean,005,South America,068,Latin America & Caribbean
Bolivia (Plurinational State of),BOL,2007,26.674765,Lower middle income,Latin America & Caribbean,NO,Member State,1,"Territory, region, or administrated by a state",Member State,,019,Americas,419,Latin America and the Caribbean,005,South America,068,Latin America & Caribbean
Bolivia (Plurinational State of),BOL,2008,17.385078,Lower middle income,Latin America & Caribbean,NO,Member State,1,"Territory, region, or administrated by a state",Member State,,019,Americas,419,Latin America and the Caribbean,005,South America,068,Latin America & Caribbean
Bolivia (Plurinational State of),BOL,2009,17.232279,Lower middle income,Latin America & Caribbean,NO,Member State,1,"Territory, region, or administrated by a state",Member State,,019,Americas,419,Latin America and the Caribbean,005,South America,068,Latin America & Caribbean
Bolivia (Plurinational State of),BOL,2011,13.824124,Lower middle income,Latin America & Caribbean,NO,Member State,1,"Territory, region, or administrated by a state",Member State,,019,Americas,419,Latin America and the Caribbean,005,South America,068,Latin America & Caribbean
Bolivia (Plurinational State of),BOL,2012,13.497406,Lower middle income,Latin America & Caribbean,NO,Member State,1,"Territory, region, or administrated by a state",Member State,,019,Americas,419,Latin America and the Caribbean,005,South America,068,Latin America & Caribbean
Bolivia (Plurinational State of),BOL,2014,12.811191,Lower middle income,Latin America & Caribbean,NO,Member State,1,"Territory, region, or administrated by a state",Member State,,019,Americas,419,Latin America and the Caribbean,005,South America,068,Latin America & Caribbean
Bolivia (Plurinational State of),BOL,2015,12.587534,Lower middle income,Latin America & Caribbean,NO,Member State,1,"Territory, region, or administrated by a state",Member State,,019,Americas,419,Latin America and the Caribbean,005,South America,068,Latin America & Caribbean
Bolivia (Plurinational State of),BOL,2016,21.44795,Lower middle income,Latin America & Caribbean,NO,Member State,1,"Territory, region, or administrated by a state",Member State,,019,Americas,419,Latin America and the Caribbean,005,South America,068,Latin America & Caribbean
Bolivia (Plurinational State of),BOL,2017,22.434298,Lower middle income,Latin America & Caribbean,NO,Member State,1,"Territory, region, or administrated by a state",Member State,,019,Americas,419,Latin America and the Caribbean,005,South America,068,Latin America & Caribbean
Bolivia (Plurinational State of),BOL,2018,38.22419,Lower middle income,Latin America & Caribbean,NO,Member State,1,"Territory, region, or administrated by a state",Member State,,019,Americas,419,Latin America and the Caribbean,005,South America,068,Latin America & Caribbean
Bolivia (Plurinational State of),BOL,2019,39.013309,Lower middle income,Latin America & Caribbean,NO,Member State,1,"Territory, region, or administrated by a state",Member State,,019,Americas,419,Latin America and the Caribbean,005,South America,068,Latin America & Caribbean
Brazil,BRA,2006,46.6679,Upper middle income,Latin America & Caribbean,NO,Member State,1,"Territory, region, or administrated by a state",Member State,,019,Americas,419,Latin America and the Caribbean,005,South America,076,Latin America & Caribbean
Brazil,BRA,2009,40.97068,Upper middle income,Latin America & Caribbean,NO,Member State,1,"Territory, region, or administrated by a state",Member State,,019,Americas,419,Latin America and the Caribbean,005,South America,076,Latin America & Caribbean
Brazil,BRA,2011,40.601372,Upper middle income,Latin America & Caribbean,NO,Member State,1,"Territory, region, or administrated by a state",Member State,,019,Americas,419,Latin America and the Caribbean,005,South America,076,Latin America & Caribbean
Brazil,BRA,2012,39.47311,Upper middle income,Latin America & Caribbean,NO,Member State,1,"Territory, region, or administrated by a state",Member State,,019,Americas,419,Latin America and the Caribbean,005,South America,076,Latin America & Caribbean
Brazil,BRA,2015,44.760887,Upper middle income,Latin America & Caribbean,NO,Member State,1,"Territory, region, or administrated by a state",Member State,,019,Americas,419,Latin America and the Caribbean,005,South America,076,Latin America & Caribbean
Brazil,BRA,2016,40.803032,Upper middle income,Latin America & Caribbean,NO,Member State,1,"Territory, region, or administrated by a state",Member State,,019,Americas,419,Latin America and the Caribbean,005,South America,076,Latin America & Caribbean
Brazil,BRA,2017,41.318584,Upper middle income,Latin America & Caribbean,NO,Member State,1,"Territory, region, or administrated by a state",Member State,,019,Americas,419,Latin America and the Caribbean,005,South America,076,Latin America & Caribbean
Brazil,BRA,2018,41.790157,Upper middle income,Latin America & Caribbean,NO,Member State,1,"Territory, region, or administrated by a state",Member State,,019,Americas,419,Latin America and the Caribbean,005,South America,076,Latin America & Caribbean
Brazil,BRA,2019,42.330589,Upper middle income,Latin America & Caribbean,NO,Member State,1,"Territory, region, or administrated by a state",Member State,,019,Americas,419,Latin America and the Caribbean,005,South America,076,Latin America & Caribbean
Bhutan,BTN,2007,2.1034541,Lower middle income,South Asia,NO,Member State,1,"Territory, region, or administrated by a state",Member State,,142,Asia,034,Southern Asia,,,064,Southern Asia
Bhutan,BTN,2012,27.636494,Lower middle income,South Asia,NO,Member State,1,"Territory, region, or administrated by a state",Member State,,142,Asia,034,Southern Asia,,,064,Southern Asia
Botswana,BWA,2009,9.5329132,Upper middle income,Sub-Saharan Africa,NO,Member State,1,"Territory, region, or administrated by a state",Member State,,002,Africa,202,Sub-Saharan Africa,018,Southern Africa,072,Sub-Saharan Africa
Botswana,BWA,2015,26.048006,Upper middle income,Sub-Saharan Africa,NO,Member State,1,"Territory, region, or administrated by a state",Member State,,002,Africa,202,Sub-Saharan Africa,018,Southern Africa,072,Sub-Saharan Africa
Chile,CHL,2006,18.721338,High income,Latin America & Caribbean,NO,Member State,1,"Territory, region, or administrated by a state",Member State,,019,Americas,419,Latin America and the Caribbean,005,South America,152,Latin America & Caribbean
Chile,CHL,2009,17.538,High income,Latin America & Caribbean,NO,Member State,1,"Territory, region, or administrated by a state",Member State,,019,Americas,419,Latin America and the Caribbean,005,South America,152,Latin America & Caribbean
Chile,CHL,2011,18.123808,High income,Latin America & Caribbean,NO,Member State,1,"Territory, region, or administrated by a state",Member State,,019,Americas,419,Latin America and the Caribbean,005,South America,152,Latin America & Caribbean
Chile,CHL,2013,18.760275,High income,Latin America & Caribbean,NO,Member State,1,"Territory, region, or administrated by a state",Member State,,019,Americas,419,Latin America and the Caribbean,005,South America,152,Latin America & Caribbean
Chile,CHL,2015,15.262223,High income,Latin America & Caribbean,NO,Member State,1,"Territory, region, or administrated by a state",Member State,,019,Americas,419,Latin America and the Caribbean,005,South America,152,Latin America & Caribbean
Chile,CHL,2017,18.65049,High income,Latin America & Caribbean,NO,Member State,1,"Territory, region, or administrated by a state",Member State,,019,Americas,419,Latin America and the Caribbean,005,South America,152,Latin America & Caribbean
China,CHN,2013,36.829964,Upper middle income,East Asia & Pacific,NO,Member State,1,"Territory, region, or administrated by a state",Member State,,142,Asia,030,Eastern Asia,,,156,Eastern Asia
Côte D'Ivoire,CIV,2002,14.426261,Lower middle income,Sub-Saharan Africa,NO,Member State,1,"Territory, region, or administrated by a state",Member State,,002,Africa,202,Sub-Saharan Africa,011,Western Africa,384,Sub-Saharan Africa
Côte D'Ivoire,CIV,2008,26.814035,Lower middle income,Sub-Saharan Africa,NO,Member State,1,"Territory, region, or administrated by a state",Member State,,002,Africa,202,Sub-Saharan Africa,011,Western Africa,384,Sub-Saharan Africa
Côte D'Ivoire,CIV,2015,47.54319,Lower middle income,Sub-Saharan Africa,NO,Member State,1,"Territory, region, or administrated by a state",Member State,,002,Africa,202,Sub-Saharan Africa,011,Western Africa,384,Sub-Saharan Africa
Cameroon,CMR,2007,26.925465,Lower middle income,Sub-Saharan Africa,NO,Member State,1,"Territory, region, or administrated by a state",Member State,,002,Africa,202,Sub-Saharan Africa,017,Middle Africa,120,Sub-Saharan Africa
Cameroon,CMR,2014,3.1276126,Lower middle income,Sub-Saharan Africa,NO,Member State,1,"Territory, region, or administrated by a state",Member State,,002,Africa,202,Sub-Saharan Africa,017,Middle Africa,120,Sub-Saharan Africa
Democratic Republic of the Congo,COD,2004,16.966602,Low income,Sub-Saharan Africa,NO,Member State,1,"Territory, region, or administrated by a state",Member State,,002,Africa,202,Sub-Saharan Africa,017,Middle Africa,180,Sub-Saharan Africa
Democratic Republic of the Congo,COD,2012,38.256618,Low income,Sub-Saharan Africa,NO,Member State,1,"Territory, region, or administrated by a state",Member State,,002,Africa,202,Sub-Saharan Africa,017,Middle Africa,180,Sub-Saharan Africa
Congo,COG,2005,66.992752,Lower middle income,Sub-Saharan Africa,NO,Member State,1,"Territory, region, or administrated by a state",Member State,,002,Africa,202,Sub-Saharan Africa,017,Middle Africa,178,Sub-Saharan Africa
Colombia,COL,2010,18.828901,Upper middle income,Latin America & Caribbean,NO,Member State,1,"Territory, region, or administrated by a state",Member State,,019,Americas,419,Latin America and the Caribbean,005,South America,170,Latin America & Caribbean
Colombia,COL,2011,16.939009,Upper middle income,Latin America & Caribbean,NO,Member State,1,"Territory, region, or administrated by a state",Member State,,019,Americas,419,Latin America and the Caribbean,005,South America,170,Latin America & Caribbean
Colombia,COL,2012,19.402193,Upper middle income,Latin America & Caribbean,NO,Member State,1,"Territory, region, or administrated by a state",Member State,,019,Americas,419,Latin America and the Caribbean,005,South America,170,Latin America & Caribbean
Colombia,COL,2014,25.296846,Upper middle income,Latin America & Caribbean,NO,Member State,1,"Territory, region, or administrated by a state",Member State,,019,Americas,419,Latin America and the Caribbean,005,South America,170,Latin America & Caribbean
Colombia,COL,2015,28.316952,Upper middle income,Latin America & Caribbean,NO,Member State,1,"Territory, region, or administrated by a state",Member State,,019,Americas,419,Latin America and the Caribbean,005,South America,170,Latin America & Caribbean
Colombia,COL,2016,29.621225,Upper middle income,Latin America & Caribbean,NO,Member State,1,"Territory, region, or administrated by a state",Member State,,019,Americas,419,Latin America and the Caribbean,005,South America,170,Latin America & Caribbean
Colombia,COL,2017,30.216022,Upper middle income,Latin America & Caribbean,NO,Member State,1,"Territory, region, or administrated by a state",Member State,,019,Americas,419,Latin America and the Caribbean,005,South America,170,Latin America & Caribbean
Colombia,COL,2018,31.264261,Upper middle income,Latin America & Caribbean,NO,Member State,1,"Territory, region, or administrated by a state",Member State,,019,Americas,419,Latin America and the Caribbean,005,South America,170,Latin America & Caribbean
Colombia,COL,2019,32.114231,Upper middle income,Latin America & Caribbean,NO,Member State,1,"Territory, region, or administrated by a state",Member State,,019,Americas,419,Latin America and the Caribbean,005,South America,170,Latin America & Caribbean
Comoros,COM,2004,13.22422,Lower middle income,Sub-Saharan Africa,NO,Member State,1,"Territory, region, or administrated by a state",Member State,,002,Africa,202,Sub-Saharan Africa,014,Eastern Africa,174,Sub-Saharan Africa
Cabo Verde,CPV,2007,14.737623,Lower middle income,Sub-Saharan Africa,NO,Member State,1,"Territory, region, or administrated by a state",Member State,,002,Africa,202,Sub-Saharan Africa,011,Western Africa,132,Sub-Saharan Africa
Costa Rica,CRI,2008,38.093052,Upper middle income,Latin America & Caribbean,NO,Member State,1,"Territory, region, or administrated by a state",Member State,,019,Americas,419,Latin America and the Caribbean,013,Central America,188,Latin America & Caribbean
Costa Rica,CRI,2010,27.064308,Upper middle income,Latin America & Caribbean,NO,Member State,1,"Territory, region, or administrated by a state",Member State,,019,Americas,419,Latin America and the Caribbean,013,Central America,188,Latin America & Caribbean
Costa Rica,CRI,2011,26.049099,Upper middle income,Latin America & Caribbean,NO,Member State,1,"Territory, region, or administrated by a state",Member State,,019,Americas,419,Latin America and the Caribbean,013,Central America,188,Latin America & Caribbean
Costa Rica,CRI,2012,24.659975,Upper middle income,Latin America & Caribbean,NO,Member State,1,"Territory, region, or administrated by a state",Member State,,019,Americas,419,Latin America and the Caribbean,013,Central America,188,Latin America & Caribbean
Costa Rica,CRI,2014,28.666508,Upper middle income,Latin America & Caribbean,NO,Member State,1,"Territory, region, or administrated by a state",Member State,,019,Americas,419,Latin America and the Caribbean,013,Central America,188,Latin America & Caribbean
Costa Rica,CRI,2015,30.158627,Upper middle income,Latin America & Caribbean,NO,Member State,1,"Territory, region, or administrated by a state",Member State,,019,Americas,419,Latin America and the Caribbean,013,Central America,188,Latin America & Caribbean
Costa Rica,CRI,2016,32.240261,Upper middle income,Latin America & Caribbean,NO,Member State,1,"Territory, region, or administrated by a state",Member State,,019,Americas,419,Latin America and the Caribbean,013,Central America,188,Latin America & Caribbean
Costa Rica,CRI,2017,32.902782,Upper middle income,Latin America & Caribbean,NO,Member State,1,"Territory, region, or administrated by a state",Member State,,019,Americas,419,Latin America and the Caribbean,013,Central America,188,Latin America & Caribbean
Costa Rica,CRI,2018,32.408485,Upper middle income,Latin America & Caribbean,NO,Member State,1,"Territory, region, or administrated by a state",Member State,,019,Americas,419,Latin America and the Caribbean,013,Central America,188,Latin America & Caribbean
Costa Rica,CRI,2019,33.228451,Upper middle income,Latin America & Caribbean,NO,Member State,1,"Territory, region, or administrated by a state",Member State,,019,Americas,419,Latin America and the Caribbean,013,Central America,188,Latin America & Caribbean
Djibouti,DJI,2012,28.953434,Lower middle income,Middle East & North Africa,NO,Member State,1,"Territory, region, or administrated by a state",Member State,,002,Africa,202,Sub-Saharan Africa,014,Eastern Africa,262,Sub-Saharan Africa
Dominica,DMA,2002,28.876211,Upper middle income,Latin America & Caribbean,NO,Member State,1,"Territory, region, or administrated by a state",Member State,,019,Americas,419,Latin America and the Caribbean,029,Caribbean,212,Latin America & Caribbean
Dominican Republic,DOM,2007,17.646391,Upper middle income,Latin America & Caribbean,NO,Member State,1,"Territory, region, or administrated by a state",Member State,,019,Americas,419,Latin America and the Caribbean,029,Caribbean,214,Latin America & Caribbean
Dominican Republic,DOM,2008,14.829979,Upper middle income,Latin America & Caribbean,NO,Member State,1,"Territory, region, or administrated by a state",Member State,,019,Americas,419,Latin America and the Caribbean,029,Caribbean,214,Latin America & Caribbean
Dominican Republic,DOM,2009,12.733738,Upper middle income,Latin America & Caribbean,NO,Member State,1,"Territory, region, or administrated by a state",Member State,,019,Americas,419,Latin America and the Caribbean,029,Caribbean,214,Latin America & Caribbean
Dominican Republic,DOM,2010,12.354024,Upper middle income,Latin America & Caribbean,NO,Member State,1,"Territory, region, or administrated by a state",Member State,,019,Americas,419,Latin America and the Caribbean,029,Caribbean,214,Latin America & Caribbean
Dominican Republic,DOM,2011,12.872323,Upper middle income,Latin America & Caribbean,NO,Member State,1,"Territory, region, or administrated by a state",Member State,,019,Americas,419,Latin America and the Caribbean,029,Caribbean,214,Latin America & Caribbean
Dominican Republic,DOM,2012,12.49129,Upper middle income,Latin America & Caribbean,NO,Member State,1,"Territory, region, or administrated by a state",Member State,,019,Americas,419,Latin America and the Caribbean,029,Caribbean,214,Latin America & Caribbean
Dominican Republic,DOM,2013,13.391232,Upper middle income,Latin America & Caribbean,NO,Member State,1,"Territory, region, or administrated by a state",Member State,,019,Americas,419,Latin America and the Caribbean,029,Caribbean,214,Latin America & Caribbean
Dominican Republic,DOM,2014,12.720585,Upper middle income,Latin America & Caribbean,NO,Member State,1,"Territory, region, or administrated by a state",Member State,,019,Americas,419,Latin America and the Caribbean,029,Caribbean,214,Latin America & Caribbean
Dominican Republic,DOM,2015,13.411599,Upper middle income,Latin America & Caribbean,NO,Member State,1,"Territory, region, or administrated by a state",Member State,,019,Americas,419,Latin America and the Caribbean,029,Caribbean,214,Latin America & Caribbean
Dominican Republic,DOM,2016,12.753738,Upper middle income,Latin America & Caribbean,NO,Member State,1,"Territory, region, or administrated by a state",Member State,,019,Americas,419,Latin America and the Caribbean,029,Caribbean,214,Latin America & Caribbean
Dominican Republic,DOM,2017,10.067441,Upper middle income,Latin America & Caribbean,NO,Member State,1,"Territory, region, or administrated by a state",Member State,,019,Americas,419,Latin America and the Caribbean,029,Caribbean,214,Latin America & Caribbean
Dominican Republic,DOM,2018,12.245757,Upper middle income,Latin America & Caribbean,NO,Member State,1,"Territory, region, or administrated by a state",Member State,,019,Americas,419,Latin America and the Caribbean,029,Caribbean,214,Latin America & Caribbean
Dominican Republic,DOM,2019,16.088966,Upper middle income,Latin America & Caribbean,NO,Member State,1,"Territory, region, or administrated by a state",Member State,,019,Americas,419,Latin America and the Caribbean,029,Caribbean,214,Latin America & Caribbean
Ecuador,ECU,2008,20.843636,Upper middle income,Latin America & Caribbean,NO,Member State,1,"Territory, region, or administrated by a state",Member State,,019,Americas,419,Latin America and the Caribbean,005,South America,218,Latin America & Caribbean
Ecuador,ECU,2010,24.154305,Upper middle income,Latin America & Caribbean,NO,Member State,1,"Territory, region, or administrated by a state",Member State,,019,Americas,419,Latin America and the Caribbean,005,South America,218,Latin America & Caribbean
Ecuador,ECU,2011,26.297647,Upper middle income,Latin America & Caribbean,NO,Member State,1,"Territory, region, or administrated by a state",Member State,,019,Americas,419,Latin America and the Caribbean,005,South America,218,Latin America & Caribbean
Ecuador,ECU,2012,24.52998,Upper middle income,Latin America & Caribbean,NO,Member State,1,"Territory, region, or administrated by a state",Member State,,019,Americas,419,Latin America and the Caribbean,005,South America,218,Latin America & Caribbean
Ecuador,ECU,2014,22.371794,Upper middle income,Latin America & Caribbean,NO,Member State,1,"Territory, region, or administrated by a state",Member State,,019,Americas,419,Latin America and the Caribbean,005,South America,218,Latin America & Caribbean
Ecuador,ECU,2015,24.147346,Upper middle income,Latin America & Caribbean,NO,Member State,1,"Territory, region, or administrated by a state",Member State,,019,Americas,419,Latin America and the Caribbean,005,South America,218,Latin America & Caribbean
Ecuador,ECU,2016,32.345768,Upper middle income,Latin America & Caribbean,NO,Member State,1,"Territory, region, or administrated by a state",Member State,,019,Americas,419,Latin America and the Caribbean,005,South America,218,Latin America & Caribbean
Ecuador,ECU,2017,25.120144,Upper middle income,Latin America & Caribbean,NO,Member State,1,"Territory, region, or administrated by a state",Member State,,019,Americas,419,Latin America and the Caribbean,005,South America,218,Latin America & Caribbean
Ecuador,ECU,2018,28.444792,Upper middle income,Latin America & Caribbean,NO,Member State,1,"Territory, region, or administrated by a state",Member State,,019,Americas,419,Latin America and the Caribbean,005,South America,218,Latin America & Caribbean
Ecuador,ECU,2019,29.718092,Upper middle income,Latin America & Caribbean,NO,Member State,1,"Territory, region, or administrated by a state",Member State,,019,Americas,419,Latin America and the Caribbean,005,South America,218,Latin America & Caribbean
Egypt,EGY,2008,21.027981,Lower middle income,Middle East & North Africa,NO,Member State,1,"Territory, region, or administrated by a state",Member State,,002,Africa,015,Northern Africa,,,818,Northern Africa & Western Asia
Ethiopia,ETH,2015,11.636616,Low income,Sub-Saharan Africa,NO,Member State,1,"Territory, region, or administrated by a state",Member State,,002,Africa,202,Sub-Saharan Africa,014,Eastern Africa,231,Sub-Saharan Africa
Ethiopia,ETH,2018,8.2534885,Low income,Sub-Saharan Africa,NO,Member State,1,"Territory, region, or administrated by a state",Member State,,002,Africa,202,Sub-Saharan Africa,014,Eastern Africa,231,Sub-Saharan Africa
Fiji,FJI,2008,24.19742,Upper middle income,East Asia & Pacific,NO,Member State,1,"Territory, region, or administrated by a state",Member State,,009,Oceania,054,Melanesia,,,242,Oceania
Fiji,FJI,2013,11.275939,Upper middle income,East Asia & Pacific,NO,Member State,1,"Territory, region, or administrated by a state",Member State,,009,Oceania,054,Melanesia,,,242,Oceania
Micronesia (Federated States of),FSM,2000,27.8978,Lower middle income,East Asia & Pacific,NO,Member State,1,"Territory, region, or administrated by a state",Member State,,009,Oceania,057,Micronesia,,,583,Oceania
Gabon,GAB,2005,20.755468,Upper middle income,Sub-Saharan Africa,NO,Member State,1,"Territory, region, or administrated by a state",Member State,,002,Africa,202,Sub-Saharan Africa,017,Middle Africa,266,Sub-Saharan Africa
Gabon,GAB,2017,4.0244603,Upper middle income,Sub-Saharan Africa,NO,Member State,1,"Territory, region, or administrated by a state",Member State,,002,Africa,202,Sub-Saharan Africa,017,Middle Africa,266,Sub-Saharan Africa
Georgia,GEO,2011,29.247559,Upper middle income,Europe & Central Asia,NO,Member State,1,"Territory, region, or administrated by a state",Member State,,142,Asia,145,Western Asia,,,268,Northern Africa & Western Asia
Georgia,GEO,2016,37.640545,Upper middle income,Europe & Central Asia,NO,Member State,1,"Territory, region, or administrated by a state",Member State,,142,Asia,145,Western Asia,,,268,Northern Africa & Western Asia
Georgia,GEO,2018,34.062527,Upper middle income,Europe & Central Asia,NO,Member State,1,"Territory, region, or administrated by a state",Member State,,142,Asia,145,Western Asia,,,268,Northern Africa & Western Asia
Ghana,GHA,2005,.70400459,Lower middle income,Sub-Saharan Africa,NO,Member State,1,"Territory, region, or administrated by a state",Member State,,002,Africa,202,Sub-Saharan Africa,011,Western Africa,288,Sub-Saharan Africa
Ghana,GHA,2012,96.405022,Lower middle income,Sub-Saharan Africa,NO,Member State,1,"Territory, region, or administrated by a state",Member State,,002,Africa,202,Sub-Saharan Africa,011,Western Africa,288,Sub-Saharan Africa
Ghana,GHA,2016,4.7952914,Lower middle income,Sub-Saharan Africa,NO,Member State,1,"Territory, region, or administrated by a state",Member State,,002,Africa,202,Sub-Saharan Africa,011,Western Africa,288,Sub-Saharan Africa
Guinea,GIN,2012,10.268514,Low income,Sub-Saharan Africa,NO,Member State,1,"Territory, region, or administrated by a state",Member State,,002,Africa,202,Sub-Saharan Africa,011,Western Africa,324,Sub-Saharan Africa
Gambia (Republic of The),GMB,2010,5.2169733,Low income,Sub-Saharan Africa,NO,Member State,1,"Territory, region, or administrated by a state",Member State,,002,Africa,202,Sub-Saharan Africa,011,Western Africa,270,Sub-Saharan Africa
Gambia (Republic of The),GMB,2015,28.856091,Low income,Sub-Saharan Africa,NO,Member State,1,"Territory, region, or administrated by a state",Member State,,002,Africa,202,Sub-Saharan Africa,011,Western Africa,270,Sub-Saharan Africa
Guatemala,GTM,2006,11.894226,Upper middle income,Latin America & Caribbean,NO,Member State,1,"Territory, region, or administrated by a state",Member State,,019,Americas,419,Latin America and the Caribbean,013,Central America,320,Latin America & Caribbean
Guatemala,GTM,2011,4.7964835,Upper middle income,Latin America & Caribbean,NO,Member State,1,"Territory, region, or administrated by a state",Member State,,019,Americas,419,Latin America and the Caribbean,013,Central America,320,Latin America & Caribbean
Guatemala,GTM,2014,22.320297,Upper middle income,Latin America & Caribbean,NO,Member State,1,"Territory, region, or administrated by a state",Member State,,019,Americas,419,Latin America and the Caribbean,013,Central America,320,Latin America & Caribbean
Honduras,HND,2008,5.5506592,Lower middle income,Latin America & Caribbean,NO,Member State,1,"Territory, region, or administrated by a state",Member State,,019,Americas,419,Latin America and the Caribbean,013,Central America,340,Latin America & Caribbean
Honduras,HND,2009,21.673737,Lower middle income,Latin America & Caribbean,NO,Member State,1,"Territory, region, or administrated by a state",Member State,,019,Americas,419,Latin America and the Caribbean,013,Central America,340,Latin America & Caribbean
Honduras,HND,2010,8.9449177,Lower middle income,Latin America & Caribbean,NO,Member State,1,"Territory, region, or administrated by a state",Member State,,019,Americas,419,Latin America and the Caribbean,013,Central America,340,Latin America & Caribbean
Honduras,HND,2011,11.188986,Lower middle income,Latin America & Caribbean,NO,Member State,1,"Territory, region, or administrated by a state",Member State,,019,Americas,419,Latin America and the Caribbean,013,Central America,340,Latin America & Caribbean
Honduras,HND,2013,13.330275,Lower middle income,Latin America & Caribbean,NO,Member State,1,"Territory, region, or administrated by a state",Member State,,019,Americas,419,Latin America and the Caribbean,013,Central America,340,Latin America & Caribbean
Honduras,HND,2015,10.150525,Lower middle income,Latin America & Caribbean,NO,Member State,1,"Territory, region, or administrated by a state",Member State,,019,Americas,419,Latin America and the Caribbean,013,Central America,340,Latin America & Caribbean
Honduras,HND,2016,12.174358,Lower middle income,Latin America & Caribbean,NO,Member State,1,"Territory, region, or administrated by a state",Member State,,019,Americas,419,Latin America and the Caribbean,013,Central America,340,Latin America & Caribbean
Honduras,HND,2017,11.649168,Lower middle income,Latin America & Caribbean,NO,Member State,1,"Territory, region, or administrated by a state",Member State,,019,Americas,419,Latin America and the Caribbean,013,Central America,340,Latin America & Caribbean
Croatia,HRV,2008,32.669674,High income,Europe & Central Asia,NO,Member State,1,"Territory, region, or administrated by a state",Member State,,150,Europe,039,Southern Europe,,,191,Northern America and Europe
Croatia,HRV,2010,39.521805,High income,Europe & Central Asia,NO,Member State,1,"Territory, region, or administrated by a state",Member State,,150,Europe,039,Southern Europe,,,191,Northern America and Europe
Croatia,HRV,2011,43.756554,High income,Europe & Central Asia,NO,Member State,1,"Territory, region, or administrated by a state",Member State,,150,Europe,039,Southern Europe,,,191,Northern America and Europe
Croatia,HRV,2014,41.827423,High income,Europe & Central Asia,NO,Member State,1,"Territory, region, or administrated by a state",Member State,,150,Europe,039,Southern Europe,,,191,Northern America and Europe
Haiti,HTI,2001,.56782973,Lower middle income,Latin America & Caribbean,NO,Member State,1,"Territory, region, or administrated by a state",Member State,,019,Americas,419,Latin America and the Caribbean,029,Caribbean,332,Latin America & Caribbean
Haiti,HTI,2012,34.598221,Lower middle income,Latin America & Caribbean,NO,Member State,1,"Territory, region, or administrated by a state",Member State,,019,Americas,419,Latin America and the Caribbean,029,Caribbean,332,Latin America & Caribbean
Hungary,HUN,2007,50.401897,High income,Europe & Central Asia,NO,Member State,1,"Territory, region, or administrated by a state",Member State,,150,Europe,151,Eastern Europe,,,348,Northern America and Europe
Indonesia,IDN,2015,15.943314,Lower middle income,East Asia & Pacific,NO,Member State,1,"Territory, region, or administrated by a state",Member State,,142,Asia,035,South-eastern Asia,,,360,South-eastern Asia
Indonesia,IDN,2017,3.1671698,Lower middle income,East Asia & Pacific,NO,Member State,1,"Territory, region, or administrated by a state",Member State,,142,Asia,035,South-eastern Asia,,,360,South-eastern Asia
Indonesia,IDN,2018,3.5180075,Lower middle income,East Asia & Pacific,NO,Member State,1,"Territory, region, or administrated by a state",Member State,,142,Asia,035,South-eastern Asia,,,360,South-eastern Asia
Indonesia,IDN,2019,4.2741399,Lower middle income,East Asia & Pacific,NO,Member State,1,"Territory, region, or administrated by a state",Member State,,142,Asia,035,South-eastern Asia,,,360,South-eastern Asia
India,IND,2011,5.1993198,Lower middle income,South Asia,NO,Member State,1,"Territory, region, or administrated by a state",Member State,,142,Asia,034,Southern Asia,,,356,Southern Asia
Iraq,IRQ,2006,7.5453801,Upper middle income,Middle East & North Africa,NO,Member State,1,"Territory, region, or administrated by a state",Member State,,142,Asia,145,Western Asia,,,368,Northern Africa & Western Asia
Iraq,IRQ,2012,9.5248766,Upper middle income,Middle East & North Africa,NO,Member State,1,"Territory, region, or administrated by a state",Member State,,142,Asia,145,Western Asia,,,368,Northern Africa & Western Asia
Jamaica,JAM,2002,.8492915,Upper middle income,Latin America & Caribbean,NO,Member State,1,"Territory, region, or administrated by a state",Member State,,019,Americas,419,Latin America and the Caribbean,029,Caribbean,388,Latin America & Caribbean
Jamaica,JAM,2010,11.618671,Upper middle income,Latin America & Caribbean,NO,Member State,1,"Territory, region, or administrated by a state",Member State,,019,Americas,419,Latin America and the Caribbean,029,Caribbean,388,Latin America & Caribbean
Jamaica,JAM,2017,27.687292,Upper middle income,Latin America & Caribbean,NO,Member State,1,"Territory, region, or administrated by a state",Member State,,019,Americas,419,Latin America and the Caribbean,029,Caribbean,388,Latin America & Caribbean
Jordan,JOR,2006,19.180079,Upper middle income,Middle East & North Africa,NO,Member State,1,"Territory, region, or administrated by a state",Member State,,142,Asia,145,Western Asia,,,400,Northern Africa & Western Asia
Jordan,JOR,2010,18.492048,Upper middle income,Middle East & North Africa,NO,Member State,1,"Territory, region, or administrated by a state",Member State,,142,Asia,145,Western Asia,,,400,Northern Africa & Western Asia
Kazakhstan,KAZ,2007,9.0647259,Upper middle income,Europe & Central Asia,NO,Member State,1,"Territory, region, or administrated by a state",Member State,,142,Asia,143,Central Asia,,,398,Central Asia
Kazakhstan,KAZ,2010,17.91398,Upper middle income,Europe & Central Asia,NO,Member State,1,"Territory, region, or administrated by a state",Member State,,142,Asia,143,Central Asia,,,398,Central Asia
Kazakhstan,KAZ,2014,35.22995,Upper middle income,Europe & Central Asia,NO,Member State,1,"Territory, region, or administrated by a state",Member State,,142,Asia,143,Central Asia,,,398,Central Asia
Kazakhstan,KAZ,2015,37.667423,Upper middle income,Europe & Central Asia,NO,Member State,1,"Territory, region, or administrated by a state",Member State,,142,Asia,143,Central Asia,,,398,Central Asia
Kazakhstan,KAZ,2017,32.561813,Upper middle income,Europe & Central Asia,NO,Member State,1,"Territory, region, or administrated by a state",Member State,,142,Asia,143,Central Asia,,,398,Central Asia
Kenya,KEN,2005,18.881575,Lower middle income,Sub-Saharan Africa,NO,Member State,1,"Territory, region, or administrated by a state",Member State,,002,Africa,202,Sub-Saharan Africa,014,Eastern Africa,404,Sub-Saharan Africa
Kenya,KEN,2015,5.927104,Lower middle income,Sub-Saharan Africa,NO,Member State,1,"Territory, region, or administrated by a state",Member State,,002,Africa,202,Sub-Saharan Africa,014,Eastern Africa,404,Sub-Saharan Africa
Kyrgyzstan,KGZ,2006,27.836088,Lower middle income,Europe & Central Asia,NO,Member State,1,"Territory, region, or administrated by a state",Member State,,142,Asia,143,Central Asia,,,417,Central Asia
Kyrgyzstan,KGZ,2011,32.921131,Lower middle income,Europe & Central Asia,NO,Member State,1,"Territory, region, or administrated by a state",Member State,,142,Asia,143,Central Asia,,,417,Central Asia
Kyrgyzstan,KGZ,2012,42.003002,Lower middle income,Europe & Central Asia,NO,Member State,1,"Territory, region, or administrated by a state",Member State,,142,Asia,143,Central Asia,,,417,Central Asia
Kyrgyzstan,KGZ,2013,42.155098,Lower middle income,Europe & Central Asia,NO,Member State,1,"Territory, region, or administrated by a state",Member State,,142,Asia,143,Central Asia,,,417,Central Asia
Cambodia,KHM,2008,6.3945498,Lower middle income,East Asia & Pacific,NO,Member State,1,"Territory, region, or administrated by a state",Member State,,142,Asia,035,South-eastern Asia,,,116,South-eastern Asia
Cambodia,KHM,2013,12.538815,Lower middle income,East Asia & Pacific,NO,Member State,1,"Territory, region, or administrated by a state",Member State,,142,Asia,035,South-eastern Asia,,,116,South-eastern Asia
Kiribati,KIR,2006,5.6175632,Lower middle income,East Asia & Pacific,NO,Member State,1,"Territory, region, or administrated by a state",Member State,,009,Oceania,057,Micronesia,,,296,Oceania
Lao People's Democratic Republic,LAO,2007,29.840611,Lower middle income,East Asia & Pacific,NO,Member State,1,"Territory, region, or administrated by a state",Member State,,142,Asia,035,South-eastern Asia,,,418,South-eastern Asia
Liberia,LBR,2007,39.879227,Low income,Sub-Saharan Africa,NO,Member State,1,"Territory, region, or administrated by a state",Member State,,002,Africa,202,Sub-Saharan Africa,011,Western Africa,430,Sub-Saharan Africa
Liberia,LBR,2014,4.7570152,Low income,Sub-Saharan Africa,NO,Member State,1,"Territory, region, or administrated by a state",Member State,,002,Africa,202,Sub-Saharan Africa,011,Western Africa,430,Sub-Saharan Africa
Liberia,LBR,2016,3.3959706,Low income,Sub-Saharan Africa,NO,Member State,1,"Territory, region, or administrated by a state",Member State,,002,Africa,202,Sub-Saharan Africa,011,Western Africa,430,Sub-Saharan Africa
Sri Lanka,LKA,2006,15.251063,Lower middle income,South Asia,NO,Member State,1,"Territory, region, or administrated by a state",Member State,,142,Asia,034,Southern Asia,,,144,Southern Asia
Sri Lanka,LKA,2009,15.961339,Lower middle income,South Asia,NO,Member State,1,"Territory, region, or administrated by a state",Member State,,142,Asia,034,Southern Asia,,,144,Southern Asia
Sri Lanka,LKA,2012,15.464731,Lower middle income,South Asia,NO,Member State,1,"Territory, region, or administrated by a state",Member State,,142,Asia,034,Southern Asia,,,144,Southern Asia
Sri Lanka,LKA,2016,17.331739,Lower middle income,South Asia,NO,Member State,1,"Territory, region, or administrated by a state",Member State,,142,Asia,034,Southern Asia,,,144,Southern Asia
Lesotho,LSO,2017,12.953455,Lower middle income,Sub-Saharan Africa,NO,Member State,1,"Territory, region, or administrated by a state",Member State,,002,Africa,202,Sub-Saharan Africa,018,Southern Africa,426,Sub-Saharan Africa
Lithuania,LTU,2008,33.187428,High income,Europe & Central Asia,NO,Member State,1,"Territory, region, or administrated by a state",Member State,,150,Europe,154,Northern Europe,,,440,Northern America and Europe
Latvia,LVA,2008,27.883541,High income,Europe & Central Asia,NO,Member State,1,"Territory, region, or administrated by a state",Member State,,150,Europe,154,Northern Europe,,,428,Northern America and Europe
Latvia,LVA,2009,32.36937,High income,Europe & Central Asia,NO,Member State,1,"Territory, region, or administrated by a state",Member State,,150,Europe,154,Northern Europe,,,428,Northern America and Europe
Republic of Moldova,MDA,2010,32.76136,Upper middle income,Europe & Central Asia,NO,Member State,1,"Territory, region, or administrated by a state",Member State,,150,Europe,151,Eastern Europe,,,498,Northern America and Europe
Republic of Moldova,MDA,2012,34.503922,Upper middle income,Europe & Central Asia,NO,Member State,1,"Territory, region, or administrated by a state",Member State,,150,Europe,151,Eastern Europe,,,498,Northern America and Europe
Republic of Moldova,MDA,2013,34.32589,Upper middle income,Europe & Central Asia,NO,Member State,1,"Territory, region, or administrated by a state",Member State,,150,Europe,151,Eastern Europe,,,498,Northern America and Europe
Republic of Moldova,MDA,2018,50.615437,Upper middle income,Europe & Central Asia,NO,Member State,1,"Territory, region, or administrated by a state",Member State,,150,Europe,151,Eastern Europe,,,498,Northern America and Europe
Maldives,MDV,2004,5.0513096,Upper middle income,South Asia,NO,Member State,1,"Territory, region, or administrated by a state",Member State,,142,Asia,034,Southern Asia,,,462,Southern Asia
Maldives,MDV,2009,24.181217,Upper middle income,South Asia,NO,Member State,1,"Territory, region, or administrated by a state",Member State,,142,Asia,034,Southern Asia,,,462,Southern Asia
Maldives,MDV,2016,7.849576,Upper middle income,South Asia,NO,Member State,1,"Territory, region, or administrated by a state",Member State,,142,Asia,034,Southern Asia,,,462,Southern Asia
Mexico,MEX,2008,28.597082,Upper middle income,Latin America & Caribbean,NO,Member State,1,"Territory, region, or administrated by a state",Member State,,019,Americas,419,Latin America and the Caribbean,013,Central America,484,Latin America & Caribbean
Mexico,MEX,2010,28.456274,Upper middle income,Latin America & Caribbean,NO,Member State,1,"Territory, region, or administrated by a state",Member State,,019,Americas,419,Latin America and the Caribbean,013,Central America,484,Latin America & Caribbean
Mexico,MEX,2012,28.589773,Upper middle income,Latin America & Caribbean,NO,Member State,1,"Territory, region, or administrated by a state",Member State,,019,Americas,419,Latin America and the Caribbean,013,Central America,484,Latin America & Caribbean
Mexico,MEX,2014,28.466423,Upper middle income,Latin America & Caribbean,NO,Member State,1,"Territory, region, or administrated by a state",Member State,,019,Americas,419,Latin America and the Caribbean,013,Central America,484,Latin America & Caribbean
Mexico,MEX,2016,24.168797,Upper middle income,Latin America & Caribbean,NO,Member State,1,"Territory, region, or administrated by a state",Member State,,019,Americas,419,Latin America and the Caribbean,013,Central America,484,Latin America & Caribbean
Mexico,MEX,2018,25.698242,Upper middle income,Latin America & Caribbean,NO,Member State,1,"Territory, region, or administrated by a state",Member State,,019,Americas,419,Latin America and the Caribbean,013,Central America,484,Latin America & Caribbean
Mali,MLI,2009,15.513926,Low income,Sub-Saharan Africa,NO,Member State,1,"Territory, region, or administrated by a state",Member State,,002,Africa,202,Sub-Saharan Africa,011,Western Africa,466,Sub-Saharan Africa
Myanmar,MMR,2017,24.856482,Lower middle income,East Asia & Pacific,NO,Member State,1,"Territory, region, or administrated by a state",Member State,,142,Asia,035,South-eastern Asia,,,104,South-eastern Asia
Montenegro,MNE,2011,53.419525,Upper middle income,Europe & Central Asia,NO,Member State,1,Member state,,,150,Europe,039,Southern Europe,,,499,Northern America and Europe
Montenegro,MNE,2012,51.695969,Upper middle income,Europe & Central Asia,NO,Member State,1,Member state,,,150,Europe,039,Southern Europe,,,499,Northern America and Europe
Montenegro,MNE,2013,55.995689,Upper middle income,Europe & Central Asia,NO,Member State,1,Member state,,,150,Europe,039,Southern Europe,,,499,Northern America and Europe
Montenegro,MNE,2014,50.777447,Upper middle income,Europe & Central Asia,NO,Member State,1,Member state,,,150,Europe,039,Southern Europe,,,499,Northern America and Europe
Mongolia,MNG,2007,17.235067,Lower middle income,East Asia & Pacific,NO,Member State,1,"Territory, region, or administrated by a state",Member State,,142,Asia,030,Eastern Asia,,,496,Eastern Asia
Mongolia,MNG,2009,19.574144,Lower middle income,East Asia & Pacific,NO,Member State,1,"Territory, region, or administrated by a state",Member State,,142,Asia,030,Eastern Asia,,,496,Eastern Asia
Mongolia,MNG,2010,15.648958,Lower middle income,East Asia & Pacific,NO,Member State,1,"Territory, region, or administrated by a state",Member State,,142,Asia,030,Eastern Asia,,,496,Eastern Asia
Mongolia,MNG,2011,20.155596,Lower middle income,East Asia & Pacific,NO,Member State,1,"Territory, region, or administrated by a state",Member State,,142,Asia,030,Eastern Asia,,,496,Eastern Asia
Mongolia,MNG,2012,20.713942,Lower middle income,East Asia & Pacific,NO,Member State,1,"Territory, region, or administrated by a state",Member State,,142,Asia,030,Eastern Asia,,,496,Eastern Asia
Mongolia,MNG,2014,17.642405,Lower middle income,East Asia & Pacific,NO,Member State,1,"Territory, region, or administrated by a state",Member State,,142,Asia,030,Eastern Asia,,,496,Eastern Asia
Mongolia,MNG,2016,23.269686,Lower middle income,East Asia & Pacific,NO,Member State,1,"Territory, region, or administrated by a state",Member State,,142,Asia,030,Eastern Asia,,,496,Eastern Asia
Mozambique,MOZ,2008,43.097778,Low income,Sub-Saharan Africa,NO,Member State,1,"Territory, region, or administrated by a state",Member State,,002,Africa,202,Sub-Saharan Africa,014,Eastern Africa,508,Sub-Saharan Africa
Mozambique,MOZ,2014,26.85412,Low income,Sub-Saharan Africa,NO,Member State,1,"Territory, region, or administrated by a state",Member State,,002,Africa,202,Sub-Saharan Africa,014,Eastern Africa,508,Sub-Saharan Africa
Mauritania,MRT,2008,45.339069,Lower middle income,Sub-Saharan Africa,NO,Member State,1,"Territory, region, or administrated by a state",Member State,,002,Africa,202,Sub-Saharan Africa,011,Western Africa,478,Sub-Saharan Africa
Mauritius,MUS,2006,26.430977,Upper middle income,Sub-Saharan Africa,NO,Member State,1,"Territory, region, or administrated by a state",Member State,,002,Africa,202,Sub-Saharan Africa,014,Eastern Africa,480,Sub-Saharan Africa
Mauritius,MUS,2012,45.865677,Upper middle income,Sub-Saharan Africa,NO,Member State,1,"Territory, region, or administrated by a state",Member State,,002,Africa,202,Sub-Saharan Africa,014,Eastern Africa,480,Sub-Saharan Africa
Mauritius,MUS,2017,43.454773,Upper middle income,Sub-Saharan Africa,NO,Member State,1,"Territory, region, or administrated by a state",Member State,,002,Africa,202,Sub-Saharan Africa,014,Eastern Africa,480,Sub-Saharan Africa
Malawi,MWI,2004,7.34548,Low income,Sub-Saharan Africa,NO,Member State,1,"Territory, region, or administrated by a state",Member State,,002,Africa,202,Sub-Saharan Africa,014,Eastern Africa,454,Sub-Saharan Africa
Malawi,MWI,2010,6.9622564,Low income,Sub-Saharan Africa,NO,Member State,1,"Territory, region, or administrated by a state",Member State,,002,Africa,202,Sub-Saharan Africa,014,Eastern Africa,454,Sub-Saharan Africa
Malawi,MWI,2013,1.9176192,Low income,Sub-Saharan Africa,NO,Member State,1,"Territory, region, or administrated by a state",Member State,,002,Africa,202,Sub-Saharan Africa,014,Eastern Africa,454,Sub-Saharan Africa
Malawi,MWI,2016,4.71527,Low income,Sub-Saharan Africa,NO,Member State,1,"Territory, region, or administrated by a state",Member State,,002,Africa,202,Sub-Saharan Africa,014,Eastern Africa,454,Sub-Saharan Africa
Malaysia,MYS,2008,4.5127368,Upper middle income,East Asia & Pacific,NO,Member State,1,"Territory, region, or administrated by a state",Member State,,142,Asia,035,South-eastern Asia,,,458,South-eastern Asia
Malaysia,MYS,2012,2.0842099,Upper middle income,East Asia & Pacific,NO,Member State,1,"Territory, region, or administrated by a state",Member State,,142,Asia,035,South-eastern Asia,,,458,South-eastern Asia
Malaysia,MYS,2014,5.6601796,Upper middle income,East Asia & Pacific,NO,Member State,1,"Territory, region, or administrated by a state",Member State,,142,Asia,035,South-eastern Asia,,,458,South-eastern Asia
Malaysia,MYS,2016,7.6096864,Upper middle income,East Asia & Pacific,NO,Member State,1,"Territory, region, or administrated by a state",Member State,,142,Asia,035,South-eastern Asia,,,458,South-eastern Asia
Namibia,NAM,2015,12.774371,Upper middle income,Sub-Saharan Africa,NO,Member State,1,"Territory, region, or administrated by a state",Member State,,002,Africa,202,Sub-Saharan Africa,018,Southern Africa,516,Sub-Saharan Africa
Niger,NER,2011,16.743986,Low income,Sub-Saharan Africa,NO,Member State,1,"Territory, region, or administrated by a state",Member State,,002,Africa,202,Sub-Saharan Africa,011,Western Africa,562,Sub-Saharan Africa
Niger,NER,2014,3.3766944,Low income,Sub-Saharan Africa,NO,Member State,1,"Territory, region, or administrated by a state",Member State,,002,Africa,202,Sub-Saharan Africa,011,Western Africa,562,Sub-Saharan Africa
Nigeria,NGA,2010,2.6493099,Lower middle income,Sub-Saharan Africa,NO,Member State,1,"Territory, region, or administrated by a state",Member State,,002,Africa,202,Sub-Saharan Africa,011,Western Africa,566,Sub-Saharan Africa
Nigeria,NGA,2012,7.5708733,Lower middle income,Sub-Saharan Africa,NO,Member State,1,"Territory, region, or administrated by a state",Member State,,002,Africa,202,Sub-Saharan Africa,011,Western Africa,566,Sub-Saharan Africa
Nigeria,NGA,2015,18.345039,Lower middle income,Sub-Saharan Africa,NO,Member State,1,"Territory, region, or administrated by a state",Member State,,002,Africa,202,Sub-Saharan Africa,011,Western Africa,566,Sub-Saharan Africa
Nigeria,NGA,2018,9.5778637,Lower middle income,Sub-Saharan Africa,NO,Member State,1,"Territory, region, or administrated by a state",Member State,,002,Africa,202,Sub-Saharan Africa,011,Western Africa,566,Sub-Saharan Africa
Nicaragua,NIC,2005,10.716952,Lower middle income,Latin America & Caribbean,NO,Member State,1,"Territory, region, or administrated by a state",Member State,,019,Americas,419,Latin America and the Caribbean,013,Central America,558,Latin America & Caribbean
Nicaragua,NIC,2009,22.457874,Lower middle income,Latin America & Caribbean,NO,Member State,1,"Territory, region, or administrated by a state",Member State,,019,Americas,419,Latin America and the Caribbean,013,Central America,558,Latin America & Caribbean
Nicaragua,NIC,2014,17.142136,Lower middle income,Latin America & Caribbean,NO,Member State,1,"Territory, region, or administrated by a state",Member State,,019,Americas,419,Latin America and the Caribbean,013,Central America,558,Latin America & Caribbean
Nepal,NPL,2010,5.9549417,Lower middle income,South Asia,NO,Member State,1,"Territory, region, or administrated by a state",Member State,,142,Asia,034,Southern Asia,,,524,Southern Asia
Pakistan,PAK,2007,24.128002,Lower middle income,South Asia,NO,Member State,1,"Territory, region, or administrated by a state",Member State,,142,Asia,034,Southern Asia,,,586,Southern Asia
Pakistan,PAK,2009,16.505146,Lower middle income,South Asia,NO,Member State,1,"Territory, region, or administrated by a state",Member State,,142,Asia,034,Southern Asia,,,586,Southern Asia
Pakistan,PAK,2013,19.534023,Lower middle income,South Asia,NO,Member State,1,"Territory, region, or administrated by a state",Member State,,142,Asia,034,Southern Asia,,,586,Southern Asia
Pakistan,PAK,2015,21.46435,Lower middle income,South Asia,NO,Member State,1,"Territory, region, or administrated by a state",Member State,,142,Asia,034,Southern Asia,,,586,Southern Asia
Pakistan,PAK,2018,25.427132,Lower middle income,South Asia,NO,Member State,1,"Territory, region, or administrated by a state",Member State,,142,Asia,034,Southern Asia,,,586,Southern Asia
Panama,PAN,2008,33.171169,High income,Latin America & Caribbean,NO,Member State,1,"Territory, region, or administrated by a state",Member State,,019,Americas,419,Latin America and the Caribbean,013,Central America,591,Latin America & Caribbean
Panama,PAN,2009,23.07634,High income,Latin America & Caribbean,NO,Member State,1,"Territory, region, or administrated by a state",Member State,,019,Americas,419,Latin America and the Caribbean,013,Central America,591,Latin America & Caribbean
Panama,PAN,2010,23.921545,High income,Latin America & Caribbean,NO,Member State,1,"Territory, region, or administrated by a state",Member State,,019,Americas,419,Latin America and the Caribbean,013,Central America,591,Latin America & Caribbean
Panama,PAN,2011,22.957232,High income,Latin America & Caribbean,NO,Member State,1,"Territory, region, or administrated by a state",Member State,,019,Americas,419,Latin America and the Caribbean,013,Central America,591,Latin America & Caribbean
Panama,PAN,2012,21.169205,High income,Latin America & Caribbean,NO,Member State,1,"Territory, region, or administrated by a state",Member State,,019,Americas,419,Latin America and the Caribbean,013,Central America,591,Latin America & Caribbean
Panama,PAN,2013,20.563683,High income,Latin America & Caribbean,NO,Member State,1,"Territory, region, or administrated by a state",Member State,,019,Americas,419,Latin America and the Caribbean,013,Central America,591,Latin America & Caribbean
Panama,PAN,2014,19.722492,High income,Latin America & Caribbean,NO,Member State,1,"Territory, region, or administrated by a state",Member State,,019,Americas,419,Latin America and the Caribbean,013,Central America,591,Latin America & Caribbean
Panama,PAN,2015,17.509554,High income,Latin America & Caribbean,NO,Member State,1,"Territory, region, or administrated by a state",Member State,,019,Americas,419,Latin America and the Caribbean,013,Central America,591,Latin America & Caribbean
Panama,PAN,2016,18.947042,High income,Latin America & Caribbean,NO,Member State,1,"Territory, region, or administrated by a state",Member State,,019,Americas,419,Latin America and the Caribbean,013,Central America,591,Latin America & Caribbean
Panama,PAN,2017,18.49884,High income,Latin America & Caribbean,NO,Member State,1,"Territory, region, or administrated by a state",Member State,,019,Americas,419,Latin America and the Caribbean,013,Central America,591,Latin America & Caribbean
Panama,PAN,2018,17.460443,High income,Latin America & Caribbean,NO,Member State,1,"Territory, region, or administrated by a state",Member State,,019,Americas,419,Latin America and the Caribbean,013,Central America,591,Latin America & Caribbean
Panama,PAN,2019,16.739695,High income,Latin America & Caribbean,NO,Member State,1,"Territory, region, or administrated by a state",Member State,,019,Americas,419,Latin America and the Caribbean,013,Central America,591,Latin America & Caribbean
Peru,PER,2008,22.258305,Upper middle income,Latin America & Caribbean,NO,Member State,1,"Territory, region, or administrated by a state",Member State,,019,Americas,419,Latin America and the Caribbean,005,South America,604,Latin America & Caribbean
Peru,PER,2009,22.472363,Upper middle income,Latin America & Caribbean,NO,Member State,1,"Territory, region, or administrated by a state",Member State,,019,Americas,419,Latin America and the Caribbean,005,South America,604,Latin America & Caribbean
Peru,PER,2010,22.055676,Upper middle income,Latin America & Caribbean,NO,Member State,1,"Territory, region, or administrated by a state",Member State,,019,Americas,419,Latin America and the Caribbean,005,South America,604,Latin America & Caribbean
Peru,PER,2011,20.650818,Upper middle income,Latin America & Caribbean,NO,Member State,1,"Territory, region, or administrated by a state",Member State,,019,Americas,419,Latin America and the Caribbean,005,South America,604,Latin America & Caribbean
Peru,PER,2012,19.573252,Upper middle income,Latin America & Caribbean,NO,Member State,1,"Territory, region, or administrated by a state",Member State,,019,Americas,419,Latin America and the Caribbean,005,South America,604,Latin America & Caribbean
Peru,PER,2013,18.264666,Upper middle income,Latin America & Caribbean,NO,Member State,1,"Territory, region, or administrated by a state",Member State,,019,Americas,419,Latin America and the Caribbean,005,South America,604,Latin America & Caribbean
Peru,PER,2014,17.83276,Upper middle income,Latin America & Caribbean,NO,Member State,1,"Territory, region, or administrated by a state",Member State,,019,Americas,419,Latin America and the Caribbean,005,South America,604,Latin America & Caribbean
Peru,PER,2015,18.799471,Upper middle income,Latin America & Caribbean,NO,Member State,1,"Territory, region, or administrated by a state",Member State,,019,Americas,419,Latin America and the Caribbean,005,South America,604,Latin America & Caribbean
Peru,PER,2016,18.887934,Upper middle income,Latin America & Caribbean,NO,Member State,1,"Territory, region, or administrated by a state",Member State,,019,Americas,419,Latin America and the Caribbean,005,South America,604,Latin America & Caribbean
Peru,PER,2017,19.397003,Upper middle income,Latin America & Caribbean,NO,Member State,1,"Territory, region, or administrated by a state",Member State,,019,Americas,419,Latin America and the Caribbean,005,South America,604,Latin America & Caribbean
Peru,PER,2018,19.165474,Upper middle income,Latin America & Caribbean,NO,Member State,1,"Territory, region, or administrated by a state",Member State,,019,Americas,419,Latin America and the Caribbean,005,South America,604,Latin America & Caribbean
Peru,PER,2019,19.502954,Upper middle income,Latin America & Caribbean,NO,Member State,1,"Territory, region, or administrated by a state",Member State,,019,Americas,419,Latin America and the Caribbean,005,South America,604,Latin America & Caribbean
Philippines,PHL,2006,18.972357,Lower middle income,East Asia & Pacific,NO,Member State,1,"Territory, region, or administrated by a state",Member State,,142,Asia,035,South-eastern Asia,,,608,South-eastern Asia
Philippines,PHL,2013,23.875536,Lower middle income,East Asia & Pacific,NO,Member State,1,"Territory, region, or administrated by a state",Member State,,142,Asia,035,South-eastern Asia,,,608,South-eastern Asia
Philippines,PHL,2015,7.7482719,Lower middle income,East Asia & Pacific,NO,Member State,1,"Territory, region, or administrated by a state",Member State,,142,Asia,035,South-eastern Asia,,,608,South-eastern Asia
Palau,PLW,2006,27.98678,Upper middle income,East Asia & Pacific,NO,Member State,1,"Territory, region, or administrated by a state",Member State,,009,Oceania,057,Micronesia,,,585,Oceania
Papua New Guinea,PNG,2009,.45520133,Lower middle income,East Asia & Pacific,NO,Member State,1,"Territory, region, or administrated by a state",Member State,,009,Oceania,054,Melanesia,,,598,Oceania
Poland,POL,2005,56.985592,High income,Europe & Central Asia,NO,Member State,1,"Territory, region, or administrated by a state",Member State,,150,Europe,151,Eastern Europe,,,616,Northern America and Europe
Poland,POL,2006,57.086594,High income,Europe & Central Asia,NO,Member State,1,"Territory, region, or administrated by a state",Member State,,150,Europe,151,Eastern Europe,,,616,Northern America and Europe
Poland,POL,2007,54.999317,High income,Europe & Central Asia,NO,Member State,1,"Territory, region, or administrated by a state",Member State,,150,Europe,151,Eastern Europe,,,616,Northern America and Europe
Poland,POL,2008,54.652882,High income,Europe & Central Asia,NO,Member State,1,"Territory, region, or administrated by a state",Member State,,150,Europe,151,Eastern Europe,,,616,Northern America and Europe
Poland,POL,2009,56.564697,High income,Europe & Central Asia,NO,Member State,1,"Territory, region, or administrated by a state",Member State,,150,Europe,151,Eastern Europe,,,616,Northern America and Europe
Poland,POL,2010,58.509792,High income,Europe & Central Asia,NO,Member State,1,"Territory, region, or administrated by a state",Member State,,150,Europe,151,Eastern Europe,,,616,Northern America and Europe
Poland,POL,2011,59.282379,High income,Europe & Central Asia,NO,Member State,1,"Territory, region, or administrated by a state",Member State,,150,Europe,151,Eastern Europe,,,616,Northern America and Europe
Poland,POL,2012,60.555267,High income,Europe & Central Asia,NO,Member State,1,"Territory, region, or administrated by a state",Member State,,150,Europe,151,Eastern Europe,,,616,Northern America and Europe
Poland,POL,2015,66.852646,High income,Europe & Central Asia,NO,Member State,1,"Territory, region, or administrated by a state",Member State,,150,Europe,151,Eastern Europe,,,616,Northern America and Europe
Paraguay,PRY,2007,35.71896,Upper middle income,Latin America & Caribbean,NO,Member State,1,"Territory, region, or administrated by a state",Member State,,019,Americas,419,Latin America and the Caribbean,005,South America,600,Latin America & Caribbean
Paraguay,PRY,2008,32.047501,Upper middle income,Latin America & Caribbean,NO,Member State,1,"Territory, region, or administrated by a state",Member State,,019,Americas,419,Latin America and the Caribbean,005,South America,600,Latin America & Caribbean
Paraguay,PRY,2009,32.572422,Upper middle income,Latin America & Caribbean,NO,Member State,1,"Territory, region, or administrated by a state",Member State,,019,Americas,419,Latin America and the Caribbean,005,South America,600,Latin America & Caribbean
Paraguay,PRY,2010,32.537922,Upper middle income,Latin America & Caribbean,NO,Member State,1,"Territory, region, or administrated by a state",Member State,,019,Americas,419,Latin America and the Caribbean,005,South America,600,Latin America & Caribbean
Paraguay,PRY,2011,29.229439,Upper middle income,Latin America & Caribbean,NO,Member State,1,"Territory, region, or administrated by a state",Member State,,019,Americas,419,Latin America and the Caribbean,005,South America,600,Latin America & Caribbean
Paraguay,PRY,2012,8.5810127,Upper middle income,Latin America & Caribbean,NO,Member State,1,"Territory, region, or administrated by a state",Member State,,019,Americas,419,Latin America and the Caribbean,005,South America,600,Latin America & Caribbean
Paraguay,PRY,2013,27.337406,Upper middle income,Latin America & Caribbean,NO,Member State,1,"Territory, region, or administrated by a state",Member State,,019,Americas,419,Latin America and the Caribbean,005,South America,600,Latin America & Caribbean
Paraguay,PRY,2014,23.171761,Upper middle income,Latin America & Caribbean,NO,Member State,1,"Territory, region, or administrated by a state",Member State,,019,Americas,419,Latin America and the Caribbean,005,South America,600,Latin America & Caribbean
Paraguay,PRY,2015,24.856199,Upper middle income,Latin America & Caribbean,NO,Member State,1,"Territory, region, or administrated by a state",Member State,,019,Americas,419,Latin America and the Caribbean,005,South America,600,Latin America & Caribbean
Paraguay,PRY,2016,26.828527,Upper middle income,Latin America & Caribbean,NO,Member State,1,"Territory, region, or administrated by a state",Member State,,019,Americas,419,Latin America and the Caribbean,005,South America,600,Latin America & Caribbean
Paraguay,PRY,2017,25.074774,Upper middle income,Latin America & Caribbean,NO,Member State,1,"Territory, region, or administrated by a state",Member State,,019,Americas,419,Latin America and the Caribbean,005,South America,600,Latin America & Caribbean
Paraguay,PRY,2018,25.590012,Upper middle income,Latin America & Caribbean,NO,Member State,1,"Territory, region, or administrated by a state",Member State,,019,Americas,419,Latin America and the Caribbean,005,South America,600,Latin America & Caribbean
Paraguay,PRY,2019,26.120842,Upper middle income,Latin America & Caribbean,NO,Member State,1,"Territory, region, or administrated by a state",Member State,,019,Americas,419,Latin America and the Caribbean,005,South America,600,Latin America & Caribbean
"Palestine, State of",PSE,2009,20.669527,Lower middle income,Middle East & North Africa,NO,Occupied Palestinian Territory,0,,,XXX,142,Asia,145,Western Asia,,,275,Northern Africa & Western Asia
"Palestine, State of",PSE,2016,8.7459059,Lower middle income,Middle East & North Africa,NO,Occupied Palestinian Territory,0,,,XXX,142,Asia,145,Western Asia,,,275,Northern Africa & Western Asia
Romania,ROU,2008,44.278965,High income,Europe & Central Asia,NO,Member State,1,"Territory, region, or administrated by a state",Member State,,150,Europe,151,Eastern Europe,,,642,Northern America and Europe
Romania,ROU,2011,51.587864,High income,Europe & Central Asia,NO,Member State,1,"Territory, region, or administrated by a state",Member State,,150,Europe,151,Eastern Europe,,,642,Northern America and Europe
Romania,ROU,2012,49.184677,High income,Europe & Central Asia,NO,Member State,1,"Territory, region, or administrated by a state",Member State,,150,Europe,151,Eastern Europe,,,642,Northern America and Europe
Romania,ROU,2016,53.630829,High income,Europe & Central Asia,NO,Member State,1,"Territory, region, or administrated by a state",Member State,,150,Europe,151,Eastern Europe,,,642,Northern America and Europe
Russian Federation,RUS,2014,26.107458,Upper middle income,Europe & Central Asia,NO,Member State,1,"Territory, region, or administrated by a state",Member State,,150,Europe,151,Eastern Europe,,,643,Northern America and Europe
Russian Federation,RUS,2015,25.499731,Upper middle income,Europe & Central Asia,NO,Member State,1,"Territory, region, or administrated by a state",Member State,,150,Europe,151,Eastern Europe,,,643,Northern America and Europe
Russian Federation,RUS,2016,25.581635,Upper middle income,Europe & Central Asia,NO,Member State,1,"Territory, region, or administrated by a state",Member State,,150,Europe,151,Eastern Europe,,,643,Northern America and Europe
Russian Federation,RUS,2017,26.652489,Upper middle income,Europe & Central Asia,NO,Member State,1,"Territory, region, or administrated by a state",Member State,,150,Europe,151,Eastern Europe,,,643,Northern America and Europe
Rwanda,RWA,2005,8.3201551,Low income,Sub-Saharan Africa,NO,Member State,1,"Territory, region, or administrated by a state",Member State,,002,Africa,202,Sub-Saharan Africa,014,Eastern Africa,646,Sub-Saharan Africa
Rwanda,RWA,2010,3.0296781,Low income,Sub-Saharan Africa,NO,Member State,1,"Territory, region, or administrated by a state",Member State,,002,Africa,202,Sub-Saharan Africa,014,Eastern Africa,646,Sub-Saharan Africa
Rwanda,RWA,2013,4.925333,Low income,Sub-Saharan Africa,NO,Member State,1,"Territory, region, or administrated by a state",Member State,,002,Africa,202,Sub-Saharan Africa,014,Eastern Africa,646,Sub-Saharan Africa
Sudan,SDN,2009,1.051389,Low income,Sub-Saharan Africa,NO,Member State,1,"Territory, region, or administrated by a state",Member State,,002,Africa,015,Northern Africa,,,729,Northern Africa & Western Asia
Senegal,SEN,2011,11.7939,Lower middle income,Sub-Saharan Africa,NO,Member State,1,"Territory, region, or administrated by a state",Member State,,002,Africa,202,Sub-Saharan Africa,011,Western Africa,686,Sub-Saharan Africa
Solomon Islands,SLB,2005,24.643808,Lower middle income,East Asia & Pacific,NO,Member State,1,"Territory, region, or administrated by a state",Member State,,009,Oceania,054,Melanesia,,,090,Oceania
Sierra Leone,SLE,2018,2.5727439,Low income,Sub-Saharan Africa,NO,Member State,1,"Territory, region, or administrated by a state",Member State,,002,Africa,202,Sub-Saharan Africa,011,Western Africa,694,Sub-Saharan Africa
El Salvador,SLV,2007,28.676481,Lower middle income,Latin America & Caribbean,NO,Member State,1,"Territory, region, or administrated by a state",Member State,,019,Americas,419,Latin America and the Caribbean,013,Central America,222,Latin America & Caribbean
El Salvador,SLV,2008,28.367512,Lower middle income,Latin America & Caribbean,NO,Member State,1,"Territory, region, or administrated by a state",Member State,,019,Americas,419,Latin America and the Caribbean,013,Central America,222,Latin America & Caribbean
El Salvador,SLV,2009,27.311455,Lower middle income,Latin America & Caribbean,NO,Member State,1,"Territory, region, or administrated by a state",Member State,,019,Americas,419,Latin America and the Caribbean,013,Central America,222,Latin America & Caribbean
El Salvador,SLV,2010,26.564434,Lower middle income,Latin America & Caribbean,NO,Member State,1,"Territory, region, or administrated by a state",Member State,,019,Americas,419,Latin America and the Caribbean,013,Central America,222,Latin America & Caribbean
El Salvador,SLV,2011,24.054098,Lower middle income,Latin America & Caribbean,NO,Member State,1,"Territory, region, or administrated by a state",Member State,,019,Americas,419,Latin America and the Caribbean,013,Central America,222,Latin America & Caribbean
El Salvador,SLV,2012,26.269325,Lower middle income,Latin America & Caribbean,NO,Member State,1,"Territory, region, or administrated by a state",Member State,,019,Americas,419,Latin America and the Caribbean,013,Central America,222,Latin America & Caribbean
El Salvador,SLV,2014,25.862743,Lower middle income,Latin America & Caribbean,NO,Member State,1,"Territory, region, or administrated by a state",Member State,,019,Americas,419,Latin America and the Caribbean,013,Central America,222,Latin America & Caribbean
El Salvador,SLV,2015,32.268517,Lower middle income,Latin America & Caribbean,NO,Member State,1,"Territory, region, or administrated by a state",Member State,,019,Americas,419,Latin America and the Caribbean,013,Central America,222,Latin America & Caribbean
El Salvador,SLV,2016,32.051342,Lower middle income,Latin America & Caribbean,NO,Member State,1,"Territory, region, or administrated by a state",Member State,,019,Americas,419,Latin America and the Caribbean,013,Central America,222,Latin America & Caribbean
El Salvador,SLV,2017,30.254305,Lower middle income,Latin America & Caribbean,NO,Member State,1,"Territory, region, or administrated by a state",Member State,,019,Americas,419,Latin America and the Caribbean,013,Central America,222,Latin America & Caribbean
El Salvador,SLV,2018,30.569511,Lower middle income,Latin America & Caribbean,NO,Member State,1,"Territory, region, or administrated by a state",Member State,,019,Americas,419,Latin America and the Caribbean,013,Central America,222,Latin America & Caribbean
El Salvador,SLV,2019,31.183521,Lower middle income,Latin America & Caribbean,NO,Member State,1,"Territory, region, or administrated by a state",Member State,,019,Americas,419,Latin America and the Caribbean,013,Central America,222,Latin America & Caribbean
Serbia,SRB,2007,46.321075,Upper middle income,Europe & Central Asia,NO,Member State,1,Member state,,,150,Europe,039,Southern Europe,,,688,Northern America and Europe
Serbia,SRB,2010,56.451946,Upper middle income,Europe & Central Asia,NO,Member State,1,Member state,,,150,Europe,039,Southern Europe,,,688,Northern America and Europe
Serbia,SRB,2013,54.957218,Upper middle income,Europe & Central Asia,NO,Member State,1,Member state,,,150,Europe,039,Southern Europe,,,688,Northern America and Europe
Serbia,SRB,2015,54.897011,Upper middle income,Europe & Central Asia,NO,Member State,1,Member state,,,150,Europe,039,Southern Europe,,,688,Northern America and Europe
South Sudan,SSD,2009,1.5250021,Low income,Sub-Saharan Africa,NO,Member State,1,Member state,,,002,Africa,202,Sub-Saharan Africa,014,Eastern Africa,728,Sub-Saharan Africa
Slovakia,SVK,2009,32.297432,High income,Europe & Central Asia,NO,Member State,1,"Territory, region, or administrated by a state",Member State,,150,Europe,151,Eastern Europe,,,703,Northern America and Europe
Eswatini,SWZ,2009,15.695358,Lower middle income,Sub-Saharan Africa,NO,Member State,1,"Territory, region, or administrated by a state",Member State,,002,Africa,202,Sub-Saharan Africa,018,Southern Africa,748,Sub-Saharan Africa
Eswatini,SWZ,2016,13.590051,Lower middle income,Sub-Saharan Africa,NO,Member State,1,"Territory, region, or administrated by a state",Member State,,002,Africa,202,Sub-Saharan Africa,018,Southern Africa,748,Sub-Saharan Africa
Chad,TCD,2011,24.516052,Low income,Sub-Saharan Africa,NO,Member State,1,"Territory, region, or administrated by a state",Member State,,002,Africa,202,Sub-Saharan Africa,017,Middle Africa,148,Sub-Saharan Africa
Togo,TGO,2011,28.50449,Low income,Sub-Saharan Africa,NO,Member State,1,"Territory, region, or administrated by a state",Member State,,002,Africa,202,Sub-Saharan Africa,011,Western Africa,768,Sub-Saharan Africa
Thailand,THA,2006,.67796361,Upper middle income,East Asia & Pacific,NO,Member State,1,"Territory, region, or administrated by a state",Member State,,142,Asia,035,South-eastern Asia,,,764,South-eastern Asia
Thailand,THA,2009,10.437811,Upper middle income,East Asia & Pacific,NO,Member State,1,"Territory, region, or administrated by a state",Member State,,142,Asia,035,South-eastern Asia,,,764,South-eastern Asia
Thailand,THA,2011,17.98674,Upper middle income,East Asia & Pacific,NO,Member State,1,"Territory, region, or administrated by a state",Member State,,142,Asia,035,South-eastern Asia,,,764,South-eastern Asia
Thailand,THA,2013,16.764145,Upper middle income,East Asia & Pacific,NO,Member State,1,"Territory, region, or administrated by a state",Member State,,142,Asia,035,South-eastern Asia,,,764,South-eastern Asia
Thailand,THA,2017,17.670185,Upper middle income,East Asia & Pacific,NO,Member State,1,"Territory, region, or administrated by a state",Member State,,142,Asia,035,South-eastern Asia,,,764,South-eastern Asia
Tajikistan,TJK,2011,7.5999956,Lower middle income,Europe & Central Asia,NO,Member State,1,"Territory, region, or administrated by a state",Member State,,142,Asia,143,Central Asia,,,762,Central Asia
Timor-Leste,TLS,2007,9.8144207,Lower middle income,East Asia & Pacific,NO,Member State,1,"Territory, region, or administrated by a state",Member State,,142,Asia,035,South-eastern Asia,,,626,South-eastern Asia
Timor-Leste,TLS,2011,20.618999,Lower middle income,East Asia & Pacific,NO,Member State,1,"Territory, region, or administrated by a state",Member State,,142,Asia,035,South-eastern Asia,,,626,South-eastern Asia
Tonga,TON,2009,29.122126,Upper middle income,East Asia & Pacific,NO,Member State,1,"Territory, region, or administrated by a state",Member State,,009,Oceania,061,Polynesia,,,776,Oceania
Tunisia,TUN,2010,3.8032112,Lower middle income,Middle East & North Africa,NO,Member State,1,"Territory, region, or administrated by a state",Member State,,002,Africa,015,Northern Africa,,,788,Northern Africa & Western Asia
Türkiye,TUR,2004,29.586058,Upper middle income,Europe & Central Asia,NO,Member State,1,"Territory, region, or administrated by a state",Member State,,142,Asia,145,Western Asia,,,792,Northern Africa & Western Asia
Türkiye,TUR,2005,30.820473,Upper middle income,Europe & Central Asia,NO,Member State,1,"Territory, region, or administrated by a state",Member State,,142,Asia,145,Western Asia,,,792,Northern Africa & Western Asia
Türkiye,TUR,2006,28.526793,Upper middle income,Europe & Central Asia,NO,Member State,1,"Territory, region, or administrated by a state",Member State,,142,Asia,145,Western Asia,,,792,Northern Africa & Western Asia
Türkiye,TUR,2007,29.532492,Upper middle income,Europe & Central Asia,NO,Member State,1,"Territory, region, or administrated by a state",Member State,,142,Asia,145,Western Asia,,,792,Northern Africa & Western Asia
Türkiye,TUR,2008,27.896198,Upper middle income,Europe & Central Asia,NO,Member State,1,"Territory, region, or administrated by a state",Member State,,142,Asia,145,Western Asia,,,792,Northern Africa & Western Asia
Türkiye,TUR,2009,34.805935,Upper middle income,Europe & Central Asia,NO,Member State,1,"Territory, region, or administrated by a state",Member State,,142,Asia,145,Western Asia,,,792,Northern Africa & Western Asia
Türkiye,TUR,2010,37.298286,Upper middle income,Europe & Central Asia,NO,Member State,1,"Territory, region, or administrated by a state",Member State,,142,Asia,145,Western Asia,,,792,Northern Africa & Western Asia
Türkiye,TUR,2011,36.816242,Upper middle income,Europe & Central Asia,NO,Member State,1,"Territory, region, or administrated by a state",Member State,,142,Asia,145,Western Asia,,,792,Northern Africa & Western Asia
Türkiye,TUR,2012,38.094921,Upper middle income,Europe & Central Asia,NO,Member State,1,"Territory, region, or administrated by a state",Member State,,142,Asia,145,Western Asia,,,792,Northern Africa & Western Asia
Türkiye,TUR,2013,37.700214,Upper middle income,Europe & Central Asia,NO,Member State,1,"Territory, region, or administrated by a state",Member State,,142,Asia,145,Western Asia,,,792,Northern Africa & Western Asia
Türkiye,TUR,2014,37.93475,Upper middle income,Europe & Central Asia,NO,Member State,1,"Territory, region, or administrated by a state",Member State,,142,Asia,145,Western Asia,,,792,Northern Africa & Western Asia
Türkiye,TUR,2015,38.021046,Upper middle income,Europe & Central Asia,NO,Member State,1,"Territory, region, or administrated by a state",Member State,,142,Asia,145,Western Asia,,,792,Northern Africa & Western Asia
Türkiye,TUR,2016,39.388439,Upper middle income,Europe & Central Asia,NO,Member State,1,"Territory, region, or administrated by a state",Member State,,142,Asia,145,Western Asia,,,792,Northern Africa & Western Asia
Türkiye,TUR,2018,40.635277,Upper middle income,Europe & Central Asia,NO,Member State,1,"Territory, region, or administrated by a state",Member State,,142,Asia,145,Western Asia,,,792,Northern Africa & Western Asia
Türkiye,TUR,2019,44.781864,Upper middle income,Europe & Central Asia,NO,Member State,1,"Territory, region, or administrated by a state",Member State,,142,Asia,145,Western Asia,,,792,Northern Africa & Western Asia
United Republic of Tanzania,TZA,2008,22.016989,Lower middle income,Sub-Saharan Africa,NO,Member State,1,"Territory, region, or administrated by a state",Member State,,002,Africa,202,Sub-Saharan Africa,014,Eastern Africa,834,Sub-Saharan Africa
United Republic of Tanzania,TZA,2010,14.567679,Lower middle income,Sub-Saharan Africa,NO,Member State,1,"Territory, region, or administrated by a state",Member State,,002,Africa,202,Sub-Saharan Africa,014,Eastern Africa,834,Sub-Saharan Africa
United Republic of Tanzania,TZA,2012,17.685005,Lower middle income,Sub-Saharan Africa,NO,Member State,1,"Territory, region, or administrated by a state",Member State,,002,Africa,202,Sub-Saharan Africa,014,Eastern Africa,834,Sub-Saharan Africa
United Republic of Tanzania,TZA,2014,13.349335,Lower middle income,Sub-Saharan Africa,NO,Member State,1,"Territory, region, or administrated by a state",Member State,,002,Africa,202,Sub-Saharan Africa,014,Eastern Africa,834,Sub-Saharan Africa
Uganda,UGA,2005,23.155836,Low income,Sub-Saharan Africa,NO,Member State,1,"Territory, region, or administrated by a state",Member State,,002,Africa,202,Sub-Saharan Africa,014,Eastern Africa,800,Sub-Saharan Africa
Uganda,UGA,2009,12.777161,Low income,Sub-Saharan Africa,NO,Member State,1,"Territory, region, or administrated by a state",Member State,,002,Africa,202,Sub-Saharan Africa,014,Eastern Africa,800,Sub-Saharan Africa
Uganda,UGA,2012,13.50951,Low income,Sub-Saharan Africa,NO,Member State,1,"Territory, region, or administrated by a state",Member State,,002,Africa,202,Sub-Saharan Africa,014,Eastern Africa,800,Sub-Saharan Africa
Uganda,UGA,2016,19.975061,Low income,Sub-Saharan Africa,NO,Member State,1,"Territory, region, or administrated by a state",Member State,,002,Africa,202,Sub-Saharan Africa,014,Eastern Africa,800,Sub-Saharan Africa
Ukraine,UKR,2006,39.528904,Lower middle income,Europe & Central Asia,NO,Member State,1,"Territory, region, or administrated by a state",Member State,,150,Europe,151,Eastern Europe,,,804,Northern America and Europe
Ukraine,UKR,2011,45.461437,Lower middle income,Europe & Central Asia,NO,Member State,1,"Territory, region, or administrated by a state",Member State,,150,Europe,151,Eastern Europe,,,804,Northern America and Europe
Ukraine,UKR,2012,50.163063,Lower middle income,Europe & Central Asia,NO,Member State,1,"Territory, region, or administrated by a state",Member State,,150,Europe,151,Eastern Europe,,,804,Northern America and Europe
Ukraine,UKR,2013,51.162868,Lower middle income,Europe & Central Asia,NO,Member State,1,"Territory, region, or administrated by a state",Member State,,150,Europe,151,Eastern Europe,,,804,Northern America and Europe
Ukraine,UKR,2015,38.614635,Lower middle income,Europe & Central Asia,NO,Member State,1,"Territory, region, or administrated by a state",Member State,,150,Europe,151,Eastern Europe,,,804,Northern America and Europe
Ukraine,UKR,2016,30.448019,Lower middle income,Europe & Central Asia,NO,Member State,1,"Territory, region, or administrated by a state",Member State,,150,Europe,151,Eastern Europe,,,804,Northern America and Europe
Ukraine,UKR,2018,35.042755,Lower middle income,Europe & Central Asia,NO,Member State,1,"Territory, region, or administrated by a state",Member State,,150,Europe,151,Eastern Europe,,,804,Northern America and Europe
Uruguay,URY,2008,36.165745,High income,Latin America & Caribbean,NO,Member State,1,"Territory, region, or administrated by a state",Member State,,019,Americas,419,Latin America and the Caribbean,005,South America,858,Latin America & Caribbean
Uruguay,URY,2009,44.453899,High income,Latin America & Caribbean,NO,Member State,1,"Territory, region, or administrated by a state",Member State,,019,Americas,419,Latin America and the Caribbean,005,South America,858,Latin America & Caribbean
Uruguay,URY,2010,45.532139,High income,Latin America & Caribbean,NO,Member State,1,"Territory, region, or administrated by a state",Member State,,019,Americas,419,Latin America and the Caribbean,005,South America,858,Latin America & Caribbean
Uruguay,URY,2011,44.262989,High income,Latin America & Caribbean,NO,Member State,1,"Territory, region, or administrated by a state",Member State,,019,Americas,419,Latin America and the Caribbean,005,South America,858,Latin America & Caribbean
Uruguay,URY,2012,32.919979,High income,Latin America & Caribbean,NO,Member State,1,"Territory, region, or administrated by a state",Member State,,019,Americas,419,Latin America and the Caribbean,005,South America,858,Latin America & Caribbean
Uruguay,URY,2015,32.278633,High income,Latin America & Caribbean,NO,Member State,1,"Territory, region, or administrated by a state",Member State,,019,Americas,419,Latin America and the Caribbean,005,South America,858,Latin America & Caribbean
Uruguay,URY,2016,33.195518,High income,Latin America & Caribbean,NO,Member State,1,"Territory, region, or administrated by a state",Member State,,019,Americas,419,Latin America and the Caribbean,005,South America,858,Latin America & Caribbean
Uruguay,URY,2017,33.334782,High income,Latin America & Caribbean,NO,Member State,1,"Territory, region, or administrated by a state",Member State,,019,Americas,419,Latin America and the Caribbean,005,South America,858,Latin America & Caribbean
Uruguay,URY,2018,34.747322,High income,Latin America & Caribbean,NO,Member State,1,"Territory, region, or administrated by a state",Member State,,019,Americas,419,Latin America and the Caribbean,005,South America,858,Latin America & Caribbean
Uruguay,URY,2019,35.249741,High income,Latin America & Caribbean,NO,Member State,1,"Territory, region, or administrated by a state",Member State,,019,Americas,419,Latin America and the Caribbean,005,South America,858,Latin America & Caribbean
Uzbekistan,UZB,2018,28.100714,Lower middle income,Europe & Central Asia,NO,Member State,1,"Territory, region, or administrated by a state",Member State,,142,Asia,143,Central Asia,,,860,Central Asia
Viet Nam,VNM,2006,26.328781,Lower middle income,East Asia & Pacific,NO,Member State,1,"Territory, region, or administrated by a state",Member State,,142,Asia,035,South-eastern Asia,,,704,South-eastern Asia
Viet Nam,VNM,2010,16.74642,Lower middle income,East Asia & Pacific,NO,Member State,1,"Territory, region, or administrated by a state",Member State,,142,Asia,035,South-eastern Asia,,,704,South-eastern Asia
Viet Nam,VNM,2012,19.880424,Lower middle income,East Asia & Pacific,NO,Member State,1,"Territory, region, or administrated by a state",Member State,,142,Asia,035,South-eastern Asia,,,704,South-eastern Asia
Viet Nam,VNM,2014,22.524193,Lower middle income,East Asia & Pacific,NO,Member State,1,"Territory, region, or administrated by a state",Member State,,142,Asia,035,South-eastern Asia,,,704,South-eastern Asia
Samoa,WSM,2008,18.651041,Lower middle income,East Asia & Pacific,NO,Member State,1,"Territory, region, or administrated by a state",Member State,,009,Oceania,061,Polynesia,,,882,Oceania
Kosovo,XKX,2006,21.966497,Upper middle income,Europe & Central Asia,,,0,,,,,,,,,,,
Kosovo,XKX,2011,18.879622,Upper middle income,Europe & Central Asia,,,0,,,,,,,,,,,
Kosovo,XKX,2012,15.059514,Upper middle income,Europe & Central Asia,,,0,,,,,,,,,,,
Kosovo,XKX,2013,17.811901,Upper middle income,Europe & Central Asia,,,0,,,,,,,,,,,
Yemen,YEM,2005,9.2124605,Low income,Middle East & North Africa,NO,Member State,1,"Territory, region, or administrated by a state",Member State,,142,Asia,145,Western Asia,,,887,Northern Africa & Western Asia
South Africa,ZAF,2005,36.620762,Upper middle income,Sub-Saharan Africa,NO,Member State,1,"Territory, region, or administrated by a state",Member State,,002,Africa,202,Sub-Saharan Africa,018,Southern Africa,710,Sub-Saharan Africa
South Africa,ZAF,2010,23.867023,Upper middle income,Sub-Saharan Africa,NO,Member State,1,"Territory, region, or administrated by a state",Member State,,002,Africa,202,Sub-Saharan Africa,018,Southern Africa,710,Sub-Saharan Africa
South Africa,ZAF,2014,34.397552,Upper middle income,Sub-Saharan Africa,NO,Member State,1,"Territory, region, or administrated by a state",Member State,,002,Africa,202,Sub-Saharan Africa,018,Southern Africa,710,Sub-Saharan Africa
Zambia,ZMB,2010,32.621574,Low income,Sub-Saharan Africa,NO,Member State,1,"Territory, region, or administrated by a state",Member State,,002,Africa,202,Sub-Saharan Africa,014,Eastern Africa,894,Sub-Saharan Africa
Zambia,ZMB,2015,3.0167468,Low income,Sub-Saharan Africa,NO,Member State,1,"Territory, region, or administrated by a state",Member State,,002,Africa,202,Sub-Saharan Africa,014,Eastern Africa,894,Sub-Saharan Africa
Zimbabwe,ZWE,2017,50.084064,Lower middle income,Sub-Saharan Africa,NO,Member State,1,"Territory, region, or administrated by a state",Member State,,002,Africa,202,Sub-Saharan Africa,014,Eastern Africa,716,Sub-Saharan Africa
Zimbabwe,ZWE,2019,22.702797,Lower middle income,Sub-Saharan Africa,NO,Member State,1,"Territory, region, or administrated by a state",Member State,,002,Africa,202,Sub-Saharan Africa,014,Eastern Africa,716,Sub-Saharan Africa
